qid,cmid
Q35,SM455317
Q55,SM455353
Q227,SM455306
Q347,SM455344
Q664,SM455354
Q748,SM252512
Q837,SM455352
Q869,SM455379
Q889,SM8284
Q924,SM257920
Q1026,SM256913
Q1032,SM450359
Q4320,SM496026
Q5043,SM252881
Q5175,SM496664
Q5406,SM486136
Q6605,SM257268
Q7325,SM8856
Q7330,SM306070
Q8060,SM257180
Q9232,SM254094
Q9436,SM254096
Q10090,SM253897
Q11772,SM8038
Q12223,SM255070
Q12489,SM8616
Q12542,SM251824
Q13201,SM8299
Q13685,SM257588
Q14452,SM253285
Q15763,SM451139
Q15863,SM257667
Q17161,SM492764
Q18973,SM253540
Q19012,SM492756
Q19109,SM255894
Q20537,SM253546
Q20826,SM252165
Q20828,SM252782
Q22633,SM480044
Q23693,SM487213
Q24623,SM251881
Q25068,SM7568
Q26235,SM252656
Q26264,SM496778
Q26291,SM251422
Q26404,SM492058
Q26576,SM480377
Q26774,SM257573
Q26862,SM253809
Q27106,SM254062
Q27877,SM252953
Q28573,SM251606
Q30967,SM254713
Q31230,SM252760
Q31415,SM496887
Q32017,SM8142
Q32078,SM256117
Q32706,SM250216
Q32739,SM495484
Q32768,SM486450
Q32799,SM495679
Q32897,SM258044
Q33543,SM255906
Q33938,SM250994
Q34069,SM251733
Q34188,SM258489
Q34283,SM258762
Q34344,SM258775
Q35269,SM254170
Q35323,SM8796
Q35533,SM254295
Q35565,SM257947
Q35585,SM250685
Q35966,SM480030
Q36056,SM250530
Q36411,SM252946
Q36550,SM257857
Q36692,SM258800
Q36747,SM496844
Q36754,SM257192
Q36978,SM454382
Q37014,SM258771
Q37556,SM258428
Q38915,SM256916
Q39615,SM494140
Q41477,SM250128
Q41975,SM255884
Q42193,SM480409
Q42211,SM492762
Q42740,SM8248
Q42884,SM250881
Q43482,SM480388
Q44390,SM492493
Q44614,SM486518
Q44806,SM258273
Q44949,SM255829
Q45009,SM256978
Q45162,SM255672
Q45232,SM495931
Q45315,SM250739
Q45813,SM480440
Q45843,SM496894
Q45914,SM8857
Q46118,SM258265
Q46429,SM253703
Q46531,SM461491
Q46713,SM257642
Q46826,SM251480
Q47140,SM252458
Q47246,SM253336
Q47805,SM480323
Q48199,SM255194
Q48287,SM487391
Q48343,SM495209
Q48616,SM487237
Q48885,SM250468
Q49078,SM258324
Q49085,SM258316
Q49209,SM254163
Q49291,SM493203
Q49297,SM258318
Q49299,SM493554
Q49303,SM251392
Q49305,SM251488
Q49306,SM251655
Q49307,SM495703
Q49309,SM495704
Q49540,SM255206
Q49542,SM257211
Q50001,SM254074
Q51669,SM251605
Q51705,SM252966
Q51710,SM496729
Q51716,SM480430
Q51782,SM252577
Q52974,SM493848
Q55209,SM252594
Q55273,SM494883
Q55290,SM252617
Q55624,SM256143
Q56168,SM258092
Q56180,SM494538
Q56182,SM252661
Q56186,SM252746
Q56188,SM252843
Q56231,SM251014
Q56232,SM258819
Q56347,SM253475
Q56371,SM251631
Q56389,SM256178
Q56394,SM4071
Q56478,SM253092
Q56490,SM258176
Q56518,SM258696
Q56520,SM487832
Q56534,SM256812
Q56535,SM257024
Q56585,SM251648
Q56587,SM306063
Q56701,SM253342
Q56716,SM251559
Q56748,SM257655
Q56775,SM480383
Q56813,SM256352
Q56834,SM496658
Q56932,SM250895
Q56962,SM251756
Q56966,SM253860
Q56975,SM487066
Q58187,SM494506
Q58562,SM495240
Q58669,SM258321
Q58843,SM251009
Q60046,SM256332
Q60269,SM257015
Q60510,SM487626
Q61619,SM492535
Q62928,SM480912
Q63473,SM494353
Q64842,SM251711
Q65441,SM254299
Q68518,SM254054
Q68962,SM492992
Q69798,SM480353
Q72484,SM257962
Q72486,SM451119
Q72488,SM257322
Q72805,SM255988
Q72810,SM256391
Q73629,SM250016
Q74208,SM480713
Q74333,SM250227
Q74591,SM493777
Q79797,SM251710
Q80040,SM254579
Q80248,SM253682
Q82048,SM253087
Q83142,SM496793
Q83150,SM492571
Q83281,SM7083
Q83328,SM480047
Q83418,SM486966
Q83642,SM480548
Q84072,SM258219
Q86735,SM7605
Q87521,SM492578
Q94579,SM480717
Q101828,SM251486
Q101935,SM480435
Q101985,SM480905
Q102090,SM7671
Q102251,SM257469
Q102891,SM492036
Q103122,SM492814
Q104238,SM492745
Q104444,SM454424
Q105405,SM252779
Q105763,SM492887
Q106416,SM7593
Q106599,SM487224
Q106713,SM259936
Q106974,SM256498
Q106991,SM252892
Q107331,SM493880
Q107434,SM461326
Q107822,SM480020
Q108266,SM256194
Q108356,SM492772
Q108810,SM8795
Q109073,SM8823
Q109402,SM251816
Q110117,SM480246
Q115026,SM480049
Q115290,SM454504
Q115473,SM253871
Q115862,SM250625
Q115864,SM250765
Q115981,SM251373
Q116203,SM250535
Q116238,SM480536
Q116299,SM250474
Q116971,SM255861
Q117100,SM254756
Q117133,SM252940
Q117191,SM252965
Q117244,SM251689
Q117255,SM253931
Q117458,SM252967
Q117726,SM253133
Q118281,SM254416
Q119043,SM494178
Q120601,SM256453
Q120684,SM256734
Q121869,SM251068
Q123033,SM257396
Q124216,SM257832
Q125564,SM254063
Q126340,SM487228
Q126756,SM258821
Q127515,SM252827
Q127885,SM257473
Q128531,SM480650
Q128825,SM494855
Q129829,SM480845
Q129962,SM250837
Q130900,SM7610
Q131242,SM8119
Q131802,SM454376
Q132936,SM454384
Q132990,SM480128
Q133032,SM253960
Q133255,SM252522
Q133478,SM487299
Q133652,SM258258
Q133886,SM250187
Q134178,SM480653
Q134469,SM6657
Q134936,SM257020
Q135364,SM480785
Q135863,SM251547
Q137111,SM252838
Q137701,SM250390
Q138633,SM494490
Q139760,SM7901
Q140328,SM250828
Q140396,SM256655
Q140420,SM257213
Q140472,SM257603
Q140663,SM258124
Q140713,SM258192
Q140993,SM255940
Q141027,SM254787
Q141507,SM496989
Q142425,SM480794
Q142485,SM255551
Q142495,SM460251
Q142530,SM256173
Q142702,SM255728
Q142897,SM481095
Q143231,SM494911
Q143902,SM7619
Q144022,SM480965
Q144964,SM480997
Q145573,SM8184
Q145665,SM487511
Q145811,SM258786
Q146076,SM6059
Q146521,SM8075
Q146593,SM492690
Q146715,SM487831
Q147239,SM8056
Q147401,SM258792
Q147540,SM480033
Q147725,SM250830
Q148004,SM250831
Q149234,SM480833
Q149247,SM495804
Q149386,SM492302
Q149682,SM495483
Q149799,SM495626
Q150412,SM492795
Q151804,SM258097
Q152997,SM480707
Q153557,SM250892
Q154845,SM480511
Q155085,SM480959
Q156108,SM480776
Q156274,SM254940
Q156740,SM480180
Q156791,SM251837
Q157139,SM493833
Q157676,SM492308
Q158281,SM8075
Q159073,SM493601
Q159090,SM496886
Q159318,SM255905
Q159850,SM495801
Q160894,SM257727
Q161561,SM495382
Q161614,SM257603
Q161652,SM254143
Q162858,SM480900
Q162874,SM495725
Q162974,SM480833
Q163022,SM306091
Q163340,SM493657
Q163353,SM495489
Q163358,SM495625
Q163939,SM493519
Q163943,SM253247
Q164076,SM492313
Q164650,SM495627
Q164714,SM253042
Q164811,SM487245
Q165148,SM495486
Q165192,SM257830
Q165235,SM252441
Q165320,SM252930
Q166176,SM256226
Q167122,SM250173
Q167395,SM494594
Q167420,SM252968
Q167577,SM480591
Q167624,SM7696
Q168499,SM486556
Q168549,SM487569
Q170056,SM481089
Q170088,SM250298
Q170208,SM480847
Q170217,SM252989
Q170284,SM253382
Q170352,SM493846
Q170826,SM254053
Q171296,SM250427
Q171336,SM257666
Q171759,SM495506
Q171795,SM251370
Q171927,SM480842
Q172365,SM257321
Q172717,SM251789
Q173282,SM480551
Q173302,SM253344
Q173371,SM480028
Q173491,SM250974
Q175655,SM492316
Q175823,SM254362
Q176096,SM493847
Q176203,SM257524
Q176825,SM487226
Q178023,SM492967
Q178054,SM497358
Q178419,SM494142
Q178484,SM255586
Q178630,SM256929
Q178631,SM256245
Q179248,SM251543
Q179674,SM493077
Q180361,SM253428
Q180540,SM254603
Q180688,SM8849
Q181037,SM480405
Q181634,SM257439
Q181752,SM480816
Q182651,SM306056
Q183573,SM253950
Q184922,SM258257
Q184951,SM6975
Q185261,SM252770
Q185370,SM255087
Q185549,SM250349
Q185970,SM258353
Q186192,SM496970
Q187897,SM481006
Q187985,SM258074
Q188201,SM250839
Q188353,SM258576
Q188779,SM256375
Q188836,SM481076
Q189975,SM8120
Q190168,SM250827
Q190209,SM254335
Q190394,SM480441
Q190992,SM480444
Q191322,SM461544
Q191356,SM253974
Q191669,SM496916
Q191710,SM251546
Q191730,SM253351
Q191923,SM8177
Q191962,SM480114
Q192604,SM251960
Q192616,SM256346
Q192647,SM251033
Q192730,SM480315
Q192858,SM481004
Q193067,SM258231
Q193092,SM251076
Q193776,SM485692
Q193850,SM480909
Q193875,SM257639
Q198909,SM487935
Q199282,SM480488
Q200263,SM256767
Q200453,SM250080
Q200513,SM257525
Q200569,SM253277
Q200885,SM258715
Q201024,SM480664
Q201028,SM254707
Q201111,SM258452
Q201190,SM256650
Q201369,SM480413
Q201501,SM251964
Q201706,SM480402
Q201711,SM494893
Q202335,SM487538
Q202353,SM250028
Q202511,SM8068
Q202547,SM258651
Q202575,SM258818
Q202778,SM250835
Q202812,SM250643
Q202860,SM258135
Q203178,SM250365
Q203319,SM254847
Q203507,SM492063
Q203711,SM480349
Q203747,SM251921
Q204333,SM254070
Q205006,SM251584
Q205377,SM253546
Q205534,SM493405
Q206020,SM493655
Q206642,SM252545
Q207023,SM487827
Q207050,SM252546
Q207750,SM256306
Q207761,SM480184
Q207962,SM256234
Q207996,SM250815
Q208176,SM480675
Q208188,SM255839
Q208551,SM255212
Q209003,SM461524
Q209148,SM256884
Q209327,SM250138
Q209496,SM251542
Q209851,SM480623
Q209959,SM255768
Q210258,SM496639
Q210332,SM253776
Q210334,SM252627
Q210570,SM480724
Q210623,SM257864
Q211018,SM255041
Q211052,SM492748
Q211720,SM250014
Q212106,SM250191
Q212414,SM480332
Q212853,SM480337
Q213040,SM8035
Q213396,SM253963
Q213422,SM257463
Q213470,SM254467
Q214361,SM255605
Q215583,SM250209
Q216096,SM253230
Q216151,SM258437
Q216839,SM6034
Q217397,SM250812
Q217464,SM253073
Q217815,SM256197
Q218243,SM250908
Q218332,SM454410
Q218808,SM250463
Q219205,SM253909
Q219252,SM7366
Q219517,SM257437
Q219995,SM250269
Q220379,SM487528
Q220594,SM485693
Q220643,SM487223
Q221355,SM492920
Q221585,SM494261
Q222175,SM480321
Q223179,SM480382
Q223581,SM493049
Q223659,SM480887
Q225469,SM256997
Q228986,SM253816
Q230386,SM257530
Q231317,SM258810
Q236807,SM258760
Q237534,SM251785
Q238384,SM253547
Q239577,SM250308
Q240123,SM496285
Q240293,SM254631
Q240342,SM495724
Q241194,SM492053
Q241285,SM480925
Q241696,SM251007
Q241843,SM250757
Q242360,SM254980
Q242485,SM253385
Q243270,SM254220
Q243274,SM254446
Q243312,SM492419
Q243551,SM6658
Q244028,SM254240
Q244157,SM250597
Q244504,SM252616
Q244735,SM251561
Q245794,SM8102
Q245807,SM486583
Q247007,SM494924
Q247291,SM255623
Q249893,SM257010
Q250584,SM487235
Q252099,SM495480
Q252692,SM480529
Q252885,SM252019
Q253410,SM252908
Q253436,SM257511
Q253482,SM487541
Q254222,SM257946
Q254365,SM496904
Q254387,SM255478
Q254511,SM496876
Q254784,SM492933
Q255872,SM8135
Q256886,SM492422
Q256937,SM495978
Q257174,SM459078
Q257528,SM494453
Q257530,SM487849
Q258344,SM480442
Q258571,SM253331
Q259469,SM486451
Q260152,SM253682
Q260692,SM493160
Q261429,SM481081
Q262423,SM493074
Q262457,SM255769
Q263176,SM250854
Q264401,SM492150
Q264569,SM492841
Q264993,SM250656
Q265188,SM494141
Q265730,SM257945
Q265962,SM250808
Q266223,SM493780
Q266371,SM492429
Q266527,SM253960
Q267410,SM256096
Q267512,SM480281
Q267658,SM257825
Q268307,SM492919
Q268385,SM256829
Q268467,SM493587
Q269785,SM306067
Q271790,SM254578
Q272687,SM252875
Q273603,SM480341
Q273824,SM480933
Q273854,SM492033
Q274356,SM253051
Q274386,SM257571
Q275453,SM251895
Q276315,SM254453
Q276879,SM454401
Q277271,SM253963
Q277647,SM250906
Q277799,SM6029
Q277955,SM492435
Q278741,SM251495
Q278944,SM253176
Q278950,SM480993
Q279595,SM493648
Q280379,SM256886
Q280522,SM6860
Q280877,SM254217
Q281117,SM254931
Q281654,SM8164
Q281692,SM492436
Q282011,SM257716
Q282427,SM450372
Q282550,SM496913
Q282651,SM480705
Q283271,SM495402
Q283465,SM250675
Q283510,SM252767
Q283571,SM492438
Q283803,SM496899
Q285365,SM493099
Q287219,SM251535
Q287800,SM495672
Q288809,SM250871
Q289226,SM481137
Q289889,SM492067
Q290170,SM495394
Q290201,SM487207
Q290286,SM481091
Q290555,SM495467
Q294867,SM251673
Q301461,SM494184
Q301485,SM250003
Q301533,SM250236
Q302052,SM492636
Q303985,SM480669
Q304307,SM250708
Q305667,SM492444
Q305721,SM493727
Q307014,SM258602
Q307559,SM492708
Q308885,SM487221
Q309197,SM252499
Q309381,SM255238
Q310983,SM251176
Q311513,SM480122
Q311883,SM255592
Q312259,SM496552
Q312574,SM8138
Q312947,SM487786
Q314830,SM495485
Q315832,SM492446
Q315877,SM496912
Q316860,SM496604
Q318517,SM251365
Q318674,SM256488
Q318806,SM251366
Q319066,SM251467
Q319223,SM495763
Q319245,SM495537
Q320693,SM255163
Q321535,SM480111
Q322083,SM250067
Q322168,SM492738
Q322568,SM495764
Q322951,SM252785
Q322971,SM495970
Q323500,SM493071
Q324216,SM486460
Q324516,SM252853
Q329216,SM492447
Q329759,SM480680
Q331453,SM493066
Q331789,SM252969
Q332976,SM255804
Q333049,SM258012
Q333484,SM8479
Q333624,SM257643
Q333767,SM256071
Q333910,SM492975
Q334945,SM250736
Q336136,SM480195
Q336258,SM257277
Q336851,SM250004
Q337104,SM492744
Q337487,SM257077
Q337550,SM257581
Q338230,SM251377
Q338793,SM492833
Q339282,SM493556
Q339567,SM461523
Q339591,SM461522
Q340098,SM495646
Q340520,SM251379
Q340540,SM493178
Q340581,SM250008
Q341185,SM251387
Q341265,SM251384
Q341268,SM251385
Q342034,SM495975
Q348236,SM250014
Q349901,SM494385
Q351880,SM495333
Q352275,SM495976
Q353971,SM250362
Q354360,SM250011
Q355690,SM495723
Q355841,SM480116
Q356382,SM250284
Q356530,SM255918
Q356540,SM495400
Q357670,SM251420
Q357684,SM250838
Q358250,SM8582
Q358860,SM250138
Q359882,SM458666
Q362295,SM454369
Q365283,SM454485
Q365539,SM7660
Q367765,SM252509
Q367940,SM495062
Q368125,SM251622
Q368316,SM256484
Q368863,SM7702
Q368879,SM253219
Q369816,SM258043
Q369870,SM253205
Q369883,SM258395
Q369966,SM250094
Q370347,SM493014
Q370543,SM256165
Q370868,SM258691
Q370957,SM492768
Q371290,SM493163
Q371762,SM481085
Q372602,SM492471
Q374277,SM458871
Q375221,SM492630
Q375785,SM496916
Q376684,SM486585
Q376772,SM495914
Q377085,SM251745
Q377119,SM250632
Q378382,SM492474
Q379314,SM8047
Q379636,SM8336
Q379821,SM492071
Q380219,SM493586
Q381053,SM487548
Q381151,SM258510
Q381898,SM251818
Q382879,SM7726
Q383029,SM256785
Q383203,SM496949
Q383256,SM252678
Q383325,SM492810
Q383423,SM493090
Q383738,SM496541
Q383946,SM255189
Q384643,SM480119
Q384927,SM494708
Q385799,SM250839
Q386795,SM493097
Q387073,SM258243
Q387860,SM493128
Q388101,SM487071
Q388264,SM7674
Q388315,SM252381
Q388449,SM462097
Q388467,SM252972
Q388727,SM496009
Q389236,SM487529
Q389504,SM495243
Q392316,SM494076
Q393529,SM251455
Q393779,SM494461
Q394067,SM259933
Q397903,SM251465
Q397948,SM251466
Q398096,SM251798
Q399842,SM454484
Q401964,SM250230
Q402392,SM251479
Q402515,SM250727
Q402525,SM454490
Q402913,SM252202
Q403034,SM250309
Q403092,SM250222
Q403656,SM250245
Q405435,SM251484
Q405487,SM480600
Q406336,SM480118
Q410266,SM481057
Q415054,SM495972
Q415693,SM250988
Q417101,SM251082
Q417628,SM254779
Q417996,SM250044
Q418389,SM250017
Q418708,SM250977
Q420612,SM487334
Q420651,SM251513
Q423669,SM250866
Q423803,SM252593
Q424129,SM256727
Q424356,SM255036
Q424366,SM454483
Q426724,SM496170
Q427036,SM250756
Q427838,SM253276
Q428575,SM258695
Q428713,SM492957
Q429709,SM257259
Q429732,SM492491
Q429921,SM257931
Q430172,SM492868
Q431164,SM306072
Q432324,SM256783
Q438374,SM250369
Q440410,SM496402
Q442389,SM480491
Q444397,SM480635
Q444641,SM494825
Q444749,SM492494
Q444838,SM257881
Q445190,SM495566
Q445485,SM253539
Q446406,SM486884
Q448649,SM250918
Q450252,SM254000
Q454941,SM8343
Q456087,SM493339
Q457341,SM250042
Q458444,SM493836
Q459098,SM496845
Q459387,SM7365
Q460091,SM250366
Q460910,SM468079
Q461282,SM258741
Q464237,SM250033
Q464529,SM257178
Q465331,SM480462
Q465864,SM480146
Q466237,SM480826
Q466624,SM493835
Q467790,SM255573
Q467985,SM487280
Q469518,SM494628
Q469802,SM492497
Q470003,SM256913
Q471671,SM480969
Q472597,SM250491
Q472834,SM258020
Q473959,SM492966
Q474202,SM257456
Q475951,SM480540
Q476030,SM254657
Q476393,SM256003
Q476397,SM454398
Q476550,SM253817
Q476579,SM493840
Q477338,SM492498
Q478236,SM494929
Q478289,SM480438
Q478805,SM480840
Q479977,SM253960
Q480290,SM251369
Q481161,SM496877
Q482942,SM251823
Q483047,SM258337
Q483505,SM257869
Q483569,SM252195
Q483889,SM487155
Q483978,SM256841
Q484206,SM253365
Q484464,SM254923
Q484472,SM258220
Q484479,SM255142
Q485010,SM254029
Q485150,SM257183
Q485273,SM253988
Q485348,SM252103
Q485732,SM480851
Q486244,SM480936
Q486316,SM8785
Q486643,SM258082
Q486969,SM480577
Q487749,SM255243
Q487759,SM493357
Q487795,SM253665
Q487796,SM255871
Q487902,SM250387
Q487908,SM493689
Q488406,SM257237
Q488581,SM496915
Q488790,SM459436
Q489519,SM487220
Q489924,SM254511
Q489936,SM251610
Q490977,SM496515
Q491290,SM7561
Q491693,SM257507
Q491706,SM251764
Q491709,SM257729
Q491721,SM253280
Q491747,SM258283
Q491755,SM252931
Q492150,SM457102
Q492571,SM492502
Q492686,SM494630
Q492901,SM254327
Q494462,SM480782
Q494647,SM492503
Q494691,SM252628
Q494699,SM254781
Q495519,SM496915
Q495751,SM255772
Q495753,SM256171
Q495760,SM252803
Q495767,SM257854
Q495910,SM250189
Q497568,SM255892
Q498640,SM480031
Q498844,SM254774
Q499687,SM251532
Q499830,SM492954
Q500272,SM492759
Q500393,SM487244
Q500502,SM480898
Q500822,SM256129
Q501099,SM8082
Q501445,SM256677
Q501732,SM486476
Q501837,SM493205
Q502426,SM255921
Q502474,SM461495
Q503083,SM254615
Q503333,SM253887
Q503963,SM252548
Q504221,SM255179
Q504230,SM256986
Q504574,SM256141
Q504685,SM250065
Q504912,SM258224
Q508053,SM493085
Q508194,SM255328
Q508292,SM256851
Q509276,SM258808
Q509437,SM492805
Q509590,SM252956
Q510023,SM480796
Q510032,SM251771
Q510048,SM255531
Q510403,SM252968
Q510579,SM493102
Q512355,SM258241
Q512665,SM256381
Q515119,SM252441
Q516787,SM492669
Q517860,SM454528
Q518188,SM486473
Q519301,SM496679
Q520663,SM496916
Q521062,SM254709
Q521547,SM251010
Q523465,SM480357
Q523711,SM251141
Q524007,SM256253
Q524178,SM492985
Q524389,SM255597
Q524508,SM495391
Q525008,SM7602
Q526428,SM258785
Q527478,SM252738
Q528981,SM250324
Q530239,SM492961
Q532916,SM253507
Q533226,SM253682
Q534134,SM250774
Q534622,SM493026
Q536116,SM256573
Q536129,SM258113
Q537784,SM256358
Q538007,SM256498
Q539051,SM253682
Q540367,SM487095
Q540432,SM492761
Q541421,SM493234
Q541508,SM496016
Q541660,SM493837
Q541788,SM256319
Q542131,SM486421
Q543386,SM480783
Q544329,SM495650
Q545115,SM251543
Q547748,SM252569
Q548284,SM493665
Q548787,SM252543
Q549296,SM480307
Q549381,SM450400
Q549990,SM492796
Q552605,SM8574
Q553003,SM495726
Q555994,SM487382
Q557936,SM458140
Q558585,SM257669
Q559386,SM492519
Q560342,SM492521
Q561041,SM496916
Q566785,SM496996
Q567314,SM480700
Q567840,SM493033
Q568625,SM253384
Q569237,SM253952
Q570632,SM251012
Q570868,SM251605
Q571813,SM487388
Q571942,SM494507
Q572484,SM8190
Q572665,SM7389
Q574548,SM306057
Q576065,SM493185
Q576523,SM252919
Q577055,SM251100
Q577316,SM256741
Q577576,SM250703
Q578475,SM258622
Q579014,SM487532
Q579080,SM494221
Q579104,SM494405
Q579597,SM256168
Q580167,SM480256
Q580659,SM258670
Q581581,SM493048
Q581780,SM480552
Q581979,SM494402
Q582779,SM257594
Q583254,SM496985
Q583544,SM7597
Q584462,SM480197
Q585361,SM8107
Q587300,SM8181
Q588574,SM258188
Q588779,SM252428
Q588870,SM256472
Q589018,SM492526
Q589322,SM257346
Q589718,SM258766
Q589858,SM495364
Q591964,SM480247
Q592821,SM7416
Q594403,SM492217
Q596552,SM492628
Q596895,SM480633
Q597203,SM255520
Q597620,SM258655
Q598406,SM252957
Q599445,SM492528
Q599590,SM492529
Q599856,SM8254
Q600915,SM250539
Q602017,SM487232
Q602219,SM495660
Q602700,SM253960
Q602906,SM492718
Q602958,SM250454
Q603267,SM250940
Q603588,SM493131
Q604606,SM487115
Q604807,SM494640
Q605340,SM480431
Q605843,SM253394
Q606177,SM493156
Q606377,SM8859
Q606616,SM496466
Q607289,SM492397
Q607558,SM251592
Q607785,SM251649
Q607788,SM257904
Q608519,SM492693
Q609726,SM256164
Q610065,SM494796
Q610315,SM496381
Q610512,SM250327
Q611028,SM257285
Q611204,SM494578
Q611921,SM253944
Q612213,SM250036
Q612391,SM250037
Q612456,SM255680
Q612697,SM253894
Q612976,SM250043
Q613920,SM250038
Q614455,SM252017
Q615468,SM256126
Q615487,SM256056
Q616149,SM495612
Q616803,SM8285
Q617315,SM487059
Q617376,SM480137
Q617532,SM257475
Q617614,SM461960
Q617636,SM251656
Q617982,SM486471
Q619291,SM494077
Q619337,SM496913
Q619481,SM8476
Q619826,SM8482
Q622306,SM493125
Q622728,SM252802
Q622776,SM492536
Q623122,SM252050
Q623215,SM255822
Q623763,SM495044
Q623773,SM251668
Q623783,SM450423
Q623813,SM257841
Q624510,SM251670
Q625438,SM257091
Q625822,SM493985
Q625826,SM251745
Q626078,SM250611
Q626136,SM251680
Q626203,SM256728
Q626226,SM250294
Q626375,SM496918
Q627897,SM250991
Q628171,SM492537
Q628490,SM480272
Q629367,SM493130
Q629716,SM455347
Q630063,SM256635
Q630276,SM8794
Q630321,SM251692
Q631486,SM250391
Q633375,SM8421
Q633388,SM254007
Q635068,SM493009
Q636131,SM492105
Q636279,SM493656
Q636729,SM495611
Q637909,SM255879
Q638816,SM255751
Q639411,SM496667
Q640090,SM6272
Q640425,SM250896
Q640444,SM487390
Q640605,SM493471
Q641329,SM7970
Q641332,SM250903
Q641337,SM250471
Q641341,SM7354
Q641349,SM250904
Q641394,SM250540
Q641942,SM251473
Q642019,SM252605
Q642613,SM251006
Q642947,SM496687
Q643020,SM492911
Q643055,SM493153
Q643103,SM251738
Q644427,SM255739
Q644450,SM250089
Q645010,SM487239
Q645118,SM494235
Q645641,SM250109
Q646152,SM256239
Q646163,SM454370
Q647802,SM493834
Q648031,SM251700
Q648255,SM250334
Q648707,SM250998
Q649406,SM496222
Q650818,SM496004
Q650875,SM7638
Q650947,SM492698
Q651164,SM254149
Q652497,SM251682
Q652984,SM487225
Q653227,SM252402
Q653388,SM257838
Q653956,SM254027
Q654653,SM7563
Q654776,SM257232
Q654816,SM488647
Q655404,SM8080
Q655981,SM496015
Q656043,SM8077
Q656308,SM487246
Q656902,SM487233
Q657993,SM258725
Q658045,SM6724
Q659307,SM251646
Q659567,SM487140
Q659921,SM493016
Q660574,SM254772
Q660882,SM253888
Q660947,SM253785
Q661423,SM252213
Q662182,SM487830
Q663389,SM480958
Q663655,SM487526
Q664143,SM496913
Q664262,SM480761
Q664800,SM481023
Q665024,SM496631
Q669294,SM256570
Q669954,SM492541
Q671082,SM493512
Q672268,SM250853
Q672394,SM496899
Q672999,SM480378
Q673001,SM480882
Q673161,SM252449
Q674880,SM253284
Q675243,SM257673
Q676818,SM492935
Q677044,SM257783
Q677863,SM487247
Q678551,SM7657
Q679524,SM494236
Q681088,SM495654
Q682079,SM257785
Q682109,SM253042
Q682808,SM251746
Q682975,SM256779
Q683045,SM496876
Q683130,SM494836
Q683225,SM496876
Q683724,SM251712
Q683900,SM493658
Q684211,SM492816
Q684685,SM492774
Q684749,SM492993
Q685035,SM492040
Q685693,SM492545
Q686949,SM454417
Q687458,SM492045
Q688567,SM496985
Q688703,SM492595
Q689533,SM8069
Q689831,SM8066
Q690126,SM255282
Q690869,SM257213
Q690987,SM492546
Q691268,SM492752
Q691819,SM487259
Q692138,SM480716
Q692202,SM257793
Q692546,SM496899
Q692836,SM250188
Q694525,SM250543
Q695067,SM252939
Q697224,SM493300
Q697899,SM253913
Q697903,SM496031
Q697914,SM487139
Q698855,SM487121
Q699194,SM492916
Q699483,SM251678
Q699958,SM495513
Q701314,SM494130
Q701676,SM251758
Q701704,SM252538
Q702113,SM480689
Q702193,SM480877
Q702718,SM7587
Q702758,SM480390
Q703353,SM480973
Q703914,SM454371
Q704608,SM486600
Q704885,SM250041
Q705692,SM496915
Q706500,SM256998
Q706528,SM258680
Q706967,SM492971
Q707133,SM257867
Q707464,SM8477
Q709963,SM8475
Q710817,SM8480
Q714313,SM496918
Q714393,SM8474
Q715238,SM256628
Q715978,SM494407
Q715994,SM257201
Q716841,SM254616
Q716937,SM495518
Q717798,SM6957
Q718347,SM255115
Q719361,SM252952
Q719549,SM257177
Q719847,SM496985
Q720386,SM258746
Q720982,SM255280
Q721097,SM496034
Q721523,SM250737
Q721579,SM250846
Q721750,SM250078
Q721854,SM250941
Q722913,SM480835
Q723204,SM480167
Q723264,SM496153
Q724542,SM306045
Q725937,SM494262
Q726205,SM253960
Q726434,SM250487
Q726665,SM252585
Q726673,SM496920
Q726722,SM252909
Q726807,SM480598
Q727307,SM487758
Q727339,SM494264
Q727928,SM258320
Q728528,SM480525
Q729287,SM495960
Q731402,SM493451
Q732317,SM250232
Q733283,SM492555
Q733731,SM494148
Q735064,SM480392
Q735890,SM257514
Q735922,SM496277
Q737671,SM256396
Q737684,SM492934
Q738893,SM495656
Q739111,SM496876
Q739827,SM250748
Q739970,SM250674
Q740417,SM257494
Q741958,SM454534
Q744299,SM494885
Q745718,SM251603
Q746915,SM461510
Q747580,SM255787
Q748095,SM492556
Q748316,SM250759
Q748548,SM494696
Q749303,SM492557
Q749418,SM494197
Q749854,SM253451
Q750472,SM253233
Q750479,SM255161
Q750920,SM257217
Q750947,SM256819
Q752526,SM253442
Q752688,SM252647
Q753125,SM255065
Q753880,SM487511
Q754691,SM495785
Q755749,SM487227
Q756608,SM487229
Q756716,SM7606
Q756812,SM492065
Q756829,SM495138
Q756922,SM493289
Q757258,SM252981
Q757538,SM258245
Q757788,SM251772
Q758709,SM492730
Q760720,SM251041
Q760787,SM250549
Q761664,SM493011
Q762453,SM492736
Q764236,SM492558
Q765637,SM8444
Q766258,SM250992
Q767271,SM257666
Q767348,SM493745
Q768052,SM493000
Q769092,SM258645
Q769410,SM258620
Q771811,SM492078
Q772484,SM250932
Q772882,SM306081
Q774436,SM258657
Q774932,SM256839
Q776280,SM255863
Q777462,SM487547
Q777646,SM492560
Q780825,SM480951
Q781814,SM252150
Q782179,SM250798
Q782263,SM494260
Q782594,SM257845
Q783227,SM454426
Q784432,SM492563
Q785378,SM250986
Q786039,SM256828
Q787294,SM250083
Q787519,SM258319
Q788321,SM493841
Q788562,SM492396
Q789372,SM480164
Q790108,SM252010
Q790271,SM250047
Q791722,SM251805
Q791835,SM257612
Q792795,SM494665
Q793196,SM251817
Q793429,SM496048
Q793575,SM250829
Q793957,SM250294
Q794439,SM253380
Q794488,SM256115
Q794743,SM493030
Q795110,SM496446
Q797536,SM480820
Q797701,SM6043
Q798284,SM251931
Q799802,SM496059
Q799815,SM250056
Q799892,SM251015
Q799929,SM250485
Q799954,SM493877
Q800084,SM493653
Q800116,SM496879
Q800167,SM250945
Q803673,SM252462
Q803689,SM251885
Q803866,SM496060
Q803905,SM250058
Q804127,SM8441
Q804176,SM492565
Q804212,SM250059
Q804230,SM251925
Q804430,SM250161
Q804468,SM250402
Q804474,SM250382
Q804639,SM250063
Q805039,SM450371
Q805677,SM251967
Q805841,SM7667
Q806017,SM250066
Q806115,SM493539
Q806236,SM250068
Q806462,SM250073
Q806902,SM252027
Q807004,SM480433
Q807005,SM480404
Q807012,SM492567
Q807039,SM495531
Q807996,SM495372
Q808014,SM251847
Q808139,SM493518
Q808185,SM250051
Q809707,SM252067
Q810462,SM250598
Q810476,SM250082
Q810544,SM250698
Q810707,SM256645
Q810714,SM8424
Q810917,SM251105
Q811078,SM259964
Q811460,SM250076
Q812110,SM480201
Q812625,SM451032
Q812650,SM492568
Q813961,SM252177
Q814407,SM6991
Q815677,SM480533
Q815763,SM252192
Q816655,SM496098
Q816665,SM465668
Q816691,SM256722
Q816715,SM250093
Q817287,SM495924
Q819186,SM250907
Q820410,SM258023
Q821901,SM493228
Q821915,SM257746
Q822257,SM492569
Q822279,SM250602
Q822674,SM497018
Q822925,SM480290
Q825895,SM494441
Q826591,SM256097
Q826869,SM486433
Q827399,SM492069
Q827528,SM250097
Q828169,SM250098
Q828398,SM253966
Q828578,SM252799
Q829604,SM250438
Q829938,SM494433
Q830085,SM495624
Q830155,SM492570
Q830176,SM252221
Q832229,SM250101
Q832678,SM493013
Q833648,SM485695
Q833796,SM496913
Q833818,SM495653
Q834320,SM496116
Q834692,SM493065
Q835313,SM492787
Q835774,SM492682
Q836076,SM255281
Q836398,SM496941
Q836453,SM488001
Q836488,SM496985
Q836660,SM258458
Q836699,SM257183
Q836709,SM258273
Q837094,SM253960
Q837549,SM492758
Q837791,SM480486
Q837881,SM480592
Q838408,SM480627
Q838452,SM257851
Q838586,SM493060
Q839034,SM487313
Q839879,SM495617
Q840454,SM492023
Q840530,SM253004
Q840534,SM255891
Q840648,SM8286
Q840707,SM250800
Q841325,SM257013
Q841334,SM495538
Q841576,SM492751
Q841744,SM454375
Q842323,SM254634
Q842438,SM455385
Q842823,SM8467
Q842874,SM493547
Q843392,SM258464
Q843640,SM497025
Q843856,SM255339
Q844307,SM250194
Q844328,SM496461
Q844538,SM250512
Q845122,SM481033
Q845384,SM494912
Q845748,SM454492
Q845985,SM256220
Q846122,SM496899
Q846124,SM480286
Q846133,SM496169
Q846578,SM257822
Q846804,SM250637
Q846887,SM494209
Q847029,SM253518
Q847603,SM253076
Q847760,SM492735
Q847913,SM254225
Q848237,SM7803
Q848299,SM257605
Q848624,SM495534
Q849345,SM257488
Q849473,SM493174
Q849498,SM492632
Q849716,SM492573
Q849739,SM251381
Q849967,SM487834
Q850223,SM492939
Q851126,SM253652
Q851191,SM255556
Q851432,SM480029
Q851575,SM253591
Q851585,SM252986
Q851743,SM480033
Q852205,SM258187
Q852425,SM259886
Q852431,SM492574
Q852486,SM253285
Q852935,SM492575
Q852944,SM487243
Q854062,SM480106
Q854323,SM256972
Q854889,SM252268
Q854970,SM252275
Q855140,SM492742
Q855178,SM480032
Q855704,SM492576
Q856676,SM480563
Q856706,SM492827
Q856784,SM487265
Q856927,SM492577
Q856958,SM492875
Q857026,SM252333
Q857464,SM493012
Q857529,SM258658
Q857536,SM253535
Q857542,SM257629
Q857613,SM255235
Q857626,SM255278
Q857880,SM253392
Q858058,SM492908
Q858640,SM255257
Q859097,SM492677
Q859382,SM487241
Q859832,SM250103
Q861054,SM481074
Q861646,SM495418
Q861736,SM250105
Q861737,SM493170
Q862522,SM255914
Q862529,SM493356
Q863284,SM252587
Q863463,SM250519
Q863927,SM253506
Q864717,SM481122
Q864920,SM250642
Q866005,SM250411
Q866036,SM252371
Q866310,SM252373
Q866644,SM250112
Q867414,SM492984
Q868035,SM255581
Q868040,SM256398
Q868044,SM255958
Q868179,SM481017
Q868657,SM495673
Q868841,SM253267
Q869369,SM495423
Q873625,SM252498
Q874363,SM8073
Q875556,SM254069
Q875651,SM8127
Q875898,SM252005
Q877377,SM256970
Q878275,SM256643
Q878607,SM257835
Q879466,SM492033
Q881533,SM252385
Q887324,SM252387
Q887672,SM251035
Q887850,SM251463
Q888078,SM254073
Q888099,SM496550
Q888553,SM254307
Q888796,SM250114
Q889897,SM250616
Q891077,SM258568
Q891146,SM251710
Q891187,SM480231
Q891210,SM495159
Q892220,SM252422
Q892470,SM250049
Q893315,SM493180
Q893321,SM250125
Q893594,SM454380
Q894069,SM252437
Q894453,SM494037
Q894756,SM8617
Q895442,SM7980
Q896172,SM250126
Q896728,SM493553
Q897318,SM252457
Q897544,SM492081
Q897690,SM492614
Q898658,SM258155
Q899077,SM494045
Q899359,SM495227
Q901636,SM492884
Q901929,SM492580
Q902325,SM251024
Q902459,SM495377
Q904357,SM496886
Q905467,SM257048
Q905498,SM7562
Q905683,SM493195
Q906900,SM495756
Q906918,SM496992
Q907518,SM496975
Q907851,SM487387
Q907924,SM480829
Q907960,SM492581
Q908469,SM480267
Q908664,SM488000
Q908720,SM496899
Q909981,SM250767
Q910051,SM455314
Q913374,SM252500
Q914114,SM487147
Q915430,SM487244
Q915517,SM480936
Q915532,SM487519
Q917695,SM257467
Q918556,SM480801
Q918568,SM252938
Q918815,SM495681
Q919224,SM250464
Q919848,SM496768
Q920233,SM250156
Q921253,SM255860
Q921501,SM495482
Q921901,SM492112
Q922476,SM8036
Q922562,SM487542
Q924201,SM492889
Q924230,SM250396
Q924425,SM480251
Q924646,SM496915
Q924779,SM481041
Q925088,SM496785
Q925089,SM497018
Q925746,SM495690
Q925772,SM257327
Q926384,SM254566
Q927326,SM250006
Q927706,SM250521
Q927722,SM492582
Q927851,SM480934
Q928212,SM492583
Q928333,SM494785
Q928583,SM493080
Q928605,SM253689
Q929025,SM256845
Q930128,SM3871
Q930202,SM255017
Q930242,SM495909
Q930382,SM492584
Q930821,SM255717
Q931026,SM493061
Q931423,SM487543
Q931803,SM7981
Q932241,SM255641
Q932244,SM259925
Q932574,SM492941
Q933163,SM257214
Q934374,SM492864
Q934701,SM494266
Q934750,SM258577
Q935851,SM257561
Q936031,SM492585
Q937585,SM480800
Q938608,SM492767
Q938954,SM253348
Q939691,SM250725
Q939852,SM492832
Q940348,SM252441
Q941167,SM252937
Q941253,SM487615
Q941391,SM257671
Q941821,SM487535
Q943349,SM254563
Q945084,SM253316
Q945798,SM493073
Q945958,SM253960
Q946371,SM7640
Q947650,SM256496
Q948126,SM486423
Q948517,SM492679
Q948636,SM258667
Q948788,SM493021
Q948949,SM255616
Q950097,SM480656
Q951201,SM258273
Q951484,SM487518
Q951633,SM486450
Q952057,SM480035
Q952123,SM485689
Q952416,SM480309
Q952720,SM250627
Q953386,SM495614
Q954810,SM250811
Q955150,SM451033
Q955728,SM492666
Q955817,SM496730
Q956264,SM255765
Q956866,SM250658
Q957298,SM258608
Q957703,SM495779
Q958259,SM480218
Q958274,SM252917
Q958351,SM257027
Q959419,SM487531
Q960142,SM8237
Q960476,SM492717
Q960850,SM496482
Q960971,SM493129
Q961201,SM250435
Q961794,SM493117
Q962303,SM492586
Q962760,SM492870
Q962888,SM492847
Q963218,SM258159
Q963575,SM250863
Q964989,SM493070
Q965262,SM250380
Q966714,SM252932
Q966966,SM495539
Q967412,SM487253
Q967905,SM494147
Q968360,SM494894
Q968848,SM480230
Q969552,SM257372
Q969667,SM481024
Q970644,SM8050
Q972684,SM255227
Q972696,SM480825
Q973071,SM258758
Q973105,SM480701
Q973254,SM253971
Q973846,SM256913
Q974693,SM454403
Q975894,SM250446
Q976495,SM493461
Q976708,SM492592
Q978494,SM258773
Q978982,SM258649
Q979326,SM8045
Q980647,SM250617
Q987699,SM492593
Q987808,SM487732
Q989146,SM493037
Q990124,SM496215
Q991396,SM252507
Q991858,SM493166
Q992401,SM480241
Q993473,SM500211
Q994847,SM487545
Q997263,SM495080
Q998494,SM257735
Q1002079,SM492675
Q1002570,SM252515
Q1003039,SM257622
Q1003051,SM250132
Q1003192,SM492115
Q1004543,SM250676
Q1004707,SM252448
Q1004875,SM252525
Q1007141,SM492116
Q1007293,SM492117
Q1009076,SM492627
Q1009633,SM253381
Q1010028,SM252539
Q1014854,SM257180
Q1016325,SM252547
Q1016577,SM450345
Q1017166,SM252551
Q1017293,SM495678
Q1018432,SM7385
Q1019406,SM492118
Q1019506,SM250099
Q1021580,SM306053
Q1022264,SM451106
Q1022860,SM257842
Q1024825,SM495140
Q1024920,SM8176
Q1025394,SM492119
Q1025403,SM493072
Q1025746,SM480252
Q1025902,SM496143
Q1026107,SM254444
Q1028240,SM252626
Q1028268,SM258007
Q1028277,SM252165
Q1028324,SM256870
Q1031802,SM495671
Q1034219,SM492120
Q1035082,SM492629
Q1035308,SM493190
Q1035448,SM493008
Q1036346,SM492383
Q1036791,SM487539
Q1036814,SM488016
Q1039493,SM7635
Q1041917,SM480950
Q1042001,SM480836
Q1042768,SM7516
Q1044108,SM492121
Q1044876,SM258652
Q1047264,SM258515
Q1047448,SM492869
Q1048468,SM480824
Q1048545,SM255909
Q1048631,SM493092
Q1048883,SM493067
Q1049011,SM451112
Q1051381,SM251533
Q1051384,SM487242
Q1052095,SM480657
Q1054249,SM254202
Q1054791,SM492953
Q1055319,SM480642
Q1057292,SM480346
Q1057463,SM494259
Q1058397,SM252648
Q1058496,SM486477
Q1058686,SM492945
Q1058855,SM496150
Q1059046,SM480639
Q1059053,SM256490
Q1059280,SM493670
Q1059355,SM252667
Q1059393,SM496151
Q1059483,SM492767
Q1060050,SM480224
Q1060527,SM250661
Q1060991,SM252699
Q1061510,SM450368
Q1061544,SM454548
Q1062088,SM252714
Q1062232,SM480280
Q1062748,SM257489
Q1064662,SM257473
Q1065327,SM492122
Q1065371,SM493438
Q1065583,SM256935
Q1068096,SM252820
Q1068371,SM252749
Q1069037,SM480285
Q1070219,SM7973
Q1071390,SM250160
Q1071516,SM252793
Q1072137,SM480288
Q1072155,SM493333
Q1073164,SM496637
Q1073667,SM493122
Q1074448,SM252823
Q1074714,SM252833
Q1074730,SM251643
Q1074733,SM253713
Q1074996,SM257921
Q1075883,SM250162
Q1075894,SM250755
Q1075938,SM493431
Q1075969,SM495142
Q1076173,SM492124
Q1076202,SM252863
Q1076608,SM252872
Q1076799,SM493558
Q1076915,SM492125
Q1077232,SM492850
Q1078440,SM306076
Q1078448,SM253333
Q1078455,SM306073
Q1079061,SM492867
Q1080272,SM495807
Q1082129,SM258654
Q1082136,SM254651
Q1082670,SM487377
Q1083221,SM258644
Q1083581,SM492128
Q1083825,SM253054
Q1084067,SM495464
Q1084754,SM250030
Q1085692,SM480537
Q1085715,SM251424
Q1087095,SM495011
Q1087382,SM8211
Q1088038,SM454402
Q1089477,SM480729
Q1089816,SM252903
Q1090748,SM480917
Q1090771,SM254780
Q1090780,SM253711
Q1090791,SM256874
Q1091064,SM256957
Q1091084,SM454493
Q1091107,SM480977
Q1091121,SM480986
Q1091271,SM251754
Q1091289,SM250983
Q1091659,SM494373
Q1092352,SM253835
Q1092569,SM252911
Q1092641,SM6673
Q1092654,SM258720
Q1093151,SM8089
Q1094816,SM487222
Q1096071,SM494268
Q1096222,SM252918
Q1096303,SM492831
Q1096581,SM492132
Q1097118,SM492930
Q1097266,SM492133
Q1098352,SM492134
Q1099041,SM257927
Q1099047,SM257985
Q1099056,SM258559
Q1099108,SM250845
Q1100575,SM494267
Q1101822,SM492983
Q1103117,SM492865
Q1103973,SM486550
Q1104182,SM252921
Q1105014,SM252925
Q1105126,SM494368
Q1105474,SM8371
Q1106370,SM494258
Q1107077,SM494347
Q1108006,SM8212
Q1108445,SM487147
Q1111240,SM252685
Q1112181,SM481121
Q1112405,SM461492
Q1113140,SM8280
Q1113975,SM252941
Q1114291,SM496212
Q1115469,SM480554
Q1115751,SM492137
Q1115893,SM250091
Q1115972,SM252624
Q1116691,SM487269
Q1117020,SM255070
Q1117056,SM256916
Q1117480,SM250193
Q1117594,SM253726
Q1121357,SM253955
Q1122582,SM252589
Q1123129,SM8079
Q1123411,SM480264
Q1123923,SM256256
Q1124032,SM250238
Q1124221,SM253704
Q1124697,SM480838
Q1125161,SM492138
Q1127109,SM495615
Q1129493,SM493051
Q1129510,SM492506
Q1129737,SM255229
Q1130145,SM256052
Q1130204,SM480855
Q1130350,SM255783
Q1130354,SM253943
Q1130557,SM259929
Q1131768,SM7601
Q1131790,SM252954
Q1132206,SM250322
Q1132376,SM480996
Q1132647,SM256571
Q1133458,SM461517
Q1134111,SM492139
Q1134242,SM493059
Q1134244,SM492741
Q1134400,SM492140
Q1134682,SM250679
Q1135531,SM480890
Q1136094,SM250647
Q1137067,SM250552
Q1137355,SM255123
Q1137419,SM254729
Q1137457,SM462162
Q1138163,SM493923
Q1138165,SM480742
Q1138201,SM252963
Q1138224,SM252964
Q1139623,SM492142
Q1139762,SM250343
Q1140362,SM487573
Q1141752,SM257316
Q1142126,SM257449
Q1142249,SM258311
Q1142851,SM253352
Q1143462,SM252812
Q1143554,SM8249
Q1143734,SM493158
Q1143929,SM250338
Q1144444,SM257886
Q1144501,SM255107
Q1144528,SM480641
Q1144579,SM480356
Q1144878,SM492055
Q1145096,SM493019
Q1145965,SM487111
Q1146100,SM454411
Q1146144,SM250153
Q1146808,SM494410
Q1146970,SM250700
Q1147405,SM254075
Q1147497,SM250300
Q1148851,SM8373
Q1149106,SM495523
Q1149605,SM496219
Q1150312,SM480040
Q1151288,SM253835
Q1151353,SM253345
Q1151764,SM487525
Q1153020,SM454398
Q1154419,SM493247
Q1156766,SM486493
Q1157179,SM250702
Q1157592,SM495335
Q1157736,SM454633
Q1157749,SM495504
Q1158214,SM250175
Q1158474,SM253666
Q1159639,SM250010
Q1159714,SM253041
Q1162132,SM253951
Q1162678,SM494679
Q1162771,SM8254
Q1163044,SM256273
Q1163050,SM256913
Q1163075,SM257213
Q1163411,SM487493
Q1163436,SM492720
Q1164281,SM492145
Q1164290,SM492146
Q1164302,SM454532
Q1164772,SM250266
Q1165171,SM7664
Q1165330,SM6729
Q1165485,SM493028
Q1165520,SM250515
Q1165582,SM250152
Q1165594,SM250683
Q1165749,SM487537
Q1165955,SM251056
Q1165960,SM250141
Q1166540,SM253057
Q1166813,SM459081
Q1170113,SM250588
Q1170275,SM493032
Q1170285,SM493043
Q1170550,SM492147
Q1171957,SM250171
Q1172700,SM253278
Q1172997,SM487544
Q1175160,SM493445
Q1175315,SM493050
Q1175333,SM493022
Q1175662,SM493068
Q1179410,SM256875
Q1180117,SM493181
Q1182780,SM253083
Q1185127,SM480326
Q1185225,SM496666
Q1185854,SM251364
Q1185967,SM251207
Q1186518,SM257446
Q1186527,SM253218
Q1186841,SM257902
Q1187293,SM461325
Q1187403,SM494525
Q1189494,SM255477
Q1189552,SM480039
Q1189854,SM495185
Q1190088,SM8828
Q1190792,SM8057
Q1191194,SM492176
Q1192069,SM257586
Q1193617,SM253912
Q1193808,SM486503
Q1193813,SM250894
Q1193828,SM492878
Q1193853,SM496827
Q1194009,SM257943
Q1194596,SM258661
Q1194940,SM493573
Q1195125,SM8847
Q1195416,SM255991
Q1196645,SM3438
Q1196649,SM254505
Q1196897,SM496828
Q1196925,SM487231
Q1199226,SM480560
Q1200528,SM255476
Q1201737,SM493838
Q1204554,SM496916
Q1206186,SM496916
Q1207351,SM454412
Q1208167,SM257216
Q1209676,SM455346
Q1211290,SM458108
Q1211360,SM250584
Q1211934,SM493002
Q1215642,SM492642
Q1215696,SM492812
Q1215951,SM492273
Q1216584,SM492683
Q1218282,SM492274
Q1224336,SM495676
Q1225113,SM250392
Q1225367,SM492355
Q1225784,SM492276
Q1226906,SM250332
Q1227367,SM7778
Q1230294,SM253191
Q1230323,SM492648
Q1231961,SM459052
Q1232249,SM250594
Q1233560,SM494064
Q1233584,SM254554
Q1234581,SM253985
Q1235705,SM250760
Q1237880,SM495884
Q1238649,SM493875
Q1240704,SM480691
Q1241391,SM459048
Q1242155,SM251543
Q1244663,SM495610
Q1244978,SM492084
Q1245540,SM480894
Q1246837,SM492766
Q1247207,SM250609
Q1248180,SM492277
Q1248791,SM457102
Q1249811,SM250536
Q1249835,SM250373
Q1249858,SM258333
Q1249868,SM256330
Q1249871,SM256642
Q1249914,SM254882
Q1249960,SM257862
Q1249969,SM254125
Q1250123,SM258131
Q1250259,SM251579
Q1250849,SM256251
Q1250880,SM253240
Q1252551,SM493403
Q1253290,SM258326
Q1253884,SM492802
Q1254432,SM492278
Q1254541,SM492798
Q1254768,SM487241
Q1255107,SM258226
Q1255534,SM256106
Q1255547,SM492989
Q1255584,SM492280
Q1255605,SM492746
Q1255761,SM258227
Q1255768,SM480427
Q1255780,SM250820
Q1256094,SM493943
Q1256681,SM251706
Q1256820,SM255815
Q1256969,SM258178
Q1257135,SM492604
Q1257154,SM252984
Q1257159,SM492727
Q1257426,SM492819
Q1257541,SM496716
Q1257799,SM250785
Q1257815,SM480385
Q1257826,SM255222
Q1258074,SM257613
Q1258619,SM253696
Q1258854,SM252494
Q1258889,SM250281
Q1258905,SM255361
Q1259473,SM495607
Q1259773,SM494920
Q1260346,SM257355
Q1261048,SM258541
Q1261144,SM254674
Q1261179,SM450716
Q1261777,SM454373
Q1261805,SM257473
Q1261861,SM250297
Q1261871,SM255777
Q1261878,SM250663
Q1261884,SM250467
Q1261939,SM252968
Q1262011,SM257850
Q1262389,SM257473
Q1262400,SM250511
Q1262476,SM493488
Q1262591,SM250212
Q1262708,SM255676
Q1262728,SM492852
Q1262850,SM250610
Q1263088,SM257474
Q1263197,SM255624
Q1263463,SM7761
Q1263585,SM6713
Q1264391,SM492734
Q1265028,SM250916
Q1265232,SM256733
Q1265446,SM487536
Q1265850,SM250630
Q1265876,SM492284
Q1266038,SM2273
Q1266240,SM258694
Q1266280,SM256189
Q1266287,SM258230
Q1266593,SM254256
Q1266626,SM251949
Q1266928,SM492285
Q1267337,SM487210
Q1267428,SM492813
Q1267758,SM254469
Q1267760,SM8454
Q1267805,SM250443
Q1267849,SM480457
Q1267932,SM250728
Q1267987,SM255472
Q1268151,SM492286
Q1268181,SM492649
Q1268405,SM256294
Q1268437,SM253630
Q1268882,SM257017
Q1269600,SM493822
Q1269663,SM252575
Q1270351,SM258779
Q1271795,SM493187
Q1273334,SM255186
Q1273591,SM255975
Q1274273,SM252858
Q1274487,SM253730
Q1275194,SM480405
Q1275861,SM255828
Q1275920,SM254079
Q1276025,SM250277
Q1276073,SM8133
Q1276078,SM250732
Q1276229,SM256001
Q1276428,SM496533
Q1276656,SM7756
Q1276753,SM493501
Q1276856,SM255239
Q1276880,SM494139
Q1277626,SM258046
Q1278357,SM7594
Q1278628,SM496598
Q1278914,SM492943
Q1279673,SM257814
Q1280105,SM256378
Q1281236,SM455330
Q1281344,SM250751
Q1281425,SM252745
Q1281882,SM493136
Q1281922,SM492288
Q1282294,SM253731
Q1282763,SM257675
Q1282773,SM252610
Q1283203,SM253713
Q1283487,SM480937
Q1283558,SM480735
Q1283606,SM253868
Q1284095,SM250682
Q1284276,SM258591
Q1286876,SM255504
Q1286979,SM256969
Q1287301,SM254466
Q1287326,SM250106
Q1287427,SM253216
Q1287619,SM255588
Q1287652,SM480636
Q1287916,SM255970
Q1287933,SM258164
Q1287940,SM251740
Q1288574,SM251594
Q1288728,SM492838
Q1289028,SM253691
Q1289481,SM255315
Q1289821,SM255675
Q1290031,SM488211
Q1290108,SM252968
Q1290529,SM494860
Q1290600,SM258446
Q1290610,SM254866
Q1290677,SM250513
Q1290818,SM487214
Q1291009,SM450366
Q1292089,SM254708
Q1292246,SM250665
Q1292932,SM250450
Q1293363,SM493182
Q1293452,SM492064
Q1293737,SM252330
Q1294018,SM251399
Q1294121,SM461470
Q1294158,SM250508
Q1294392,SM250264
Q1295544,SM250234
Q1295763,SM480470
Q1296766,SM257576
Q1299584,SM480936
Q1305793,SM480428
Q1307360,SM253274
Q1307911,SM454415
Q1310483,SM480373
Q1311522,SM250475
Q1313206,SM494463
Q1313979,SM461538
Q1315711,SM494724
Q1317329,SM459086
Q1318423,SM455304
Q1322825,SM8607
Q1322953,SM480897
Q1322966,SM494702
Q1324834,SM250465
Q1326317,SM257288
Q1326399,SM480760
Q1335017,SM252852
Q1335741,SM481084
Q1336494,SM256694
Q1338929,SM7967
Q1339276,SM494822
Q1341201,SM495439
Q1341218,SM253759
Q1341484,SM251044
Q1341522,SM494185
Q1344183,SM494055
Q1344906,SM480376
Q1345964,SM495613
Q1346254,SM462042
Q1347290,SM256595
Q1349118,SM256456
Q1351520,SM487624
Q1352250,SM493361
Q1353723,SM493084
Q1355029,SM255147
Q1355160,SM492894
Q1355221,SM250659
Q1355420,SM256132
Q1355463,SM255190
Q1356197,SM258578
Q1356844,SM250694
Q1357948,SM251189
Q1359718,SM253961
Q1361998,SM256219
Q1363055,SM252188
Q1363781,SM254013
Q1365225,SM253681
Q1365830,SM8300
Q1367016,SM259924
Q1367368,SM492964
Q1368812,SM250583
Q1369944,SM486481
Q1370078,SM494391
Q1370167,SM480919
Q1371631,SM253347
Q1375066,SM256898
Q1377233,SM493389
Q1377301,SM461516
Q1377716,SM451135
Q1378053,SM492822
Q1378555,SM259936
Q1383166,SM255543
Q1383236,SM454491
Q1385649,SM253354
Q1386068,SM496601
Q1389123,SM254968
Q1392768,SM481062
Q1394162,SM251380
Q1394427,SM7577
Q1395823,SM492292
Q1396225,SM250375
Q1397676,SM492635
Q1397962,SM495491
Q1398726,SM258699
Q1401346,SM492293
Q1401564,SM492294
Q1401583,SM494328
Q1402468,SM255275
Q1406599,SM252942
Q1407391,SM255533
Q1408095,SM461455
Q1411194,SM495791
Q1411431,SM493375
Q1412407,SM250193
Q1413685,SM480042
Q1413701,SM496989
Q1413703,SM496989
Q1414264,SM492295
Q1414351,SM480711
Q1416201,SM492982
Q1416507,SM250693
Q1417088,SM461556
Q1418215,SM495540
Q1419240,SM250621
Q1420414,SM258256
Q1421205,SM480595
Q1421599,SM492296
Q1421851,SM8224
Q1422478,SM492297
Q1423103,SM480712
Q1423557,SM495739
Q1423613,SM493889
Q1423920,SM253532
Q1424758,SM255187
Q1424902,SM250544
Q1425238,SM258592
Q1426818,SM251533
Q1427215,SM250770
Q1428758,SM250703
Q1429276,SM495682
Q1429504,SM254731
Q1430603,SM254761
Q1431089,SM252968
Q1431531,SM494449
Q1431896,SM258139
Q1431998,SM256589
Q1432597,SM492298
Q1432860,SM493440
Q1432890,SM451045
Q1433670,SM253273
Q1433882,SM8455
Q1434198,SM258682
Q1434382,SM496610
Q1434558,SM492299
Q1434687,SM250274
Q1434725,SM256971
Q1434858,SM258219
Q1436028,SM494661
Q1436196,SM251443
Q1437095,SM253387
Q1437595,SM257415
Q1440169,SM253390
Q1440399,SM250878
Q1440932,SM257095
Q1444219,SM495474
Q1445483,SM250960
Q1447867,SM492300
Q1453190,SM250782
Q1453913,SM481018
Q1455209,SM480389
Q1455628,SM254489
Q1455888,SM495508
Q1456583,SM258554
Q1456870,SM258061
Q1460810,SM493533
Q1463750,SM257804
Q1464793,SM256300
Q1464982,SM496218
Q1464994,SM258321
Q1465429,SM258276
Q1465745,SM493650
Q1466276,SM7668
Q1467683,SM253922
Q1469635,SM258219
Q1470491,SM496905
Q1470744,SM493639
Q1471210,SM258111
Q1473238,SM494452
Q1473943,SM493931
Q1474169,SM254017
Q1474755,SM250719
Q1474869,SM258524
Q1475970,SM494949
Q1476741,SM256130
Q1477754,SM251030
Q1477889,SM258571
Q1478209,SM250957
Q1478692,SM250726
Q1479265,SM250722
Q1479267,SM250286
Q1479279,SM253407
Q1479328,SM495444
Q1479503,SM480553
Q1480041,SM480976
Q1480261,SM251040
Q1480718,SM486135
Q1482397,SM251068
Q1483699,SM7975
Q1483997,SM252582
Q1484000,SM254642
Q1484689,SM486126
Q1487985,SM259952
Q1488058,SM253404
Q1492906,SM258642
Q1492999,SM495379
Q1493185,SM258142
Q1493547,SM256412
Q1493790,SM488211
Q1493806,SM251784
Q1495892,SM495802
Q1496300,SM255898
Q1496762,SM8496
Q1499708,SM495584
Q1500686,SM253866
Q1500702,SM480663
Q1501100,SM492303
Q1503845,SM252968
Q1509140,SM257834
Q1510021,SM250832
Q1511518,SM255343
Q1513642,SM256359
Q1515041,SM493585
Q1515909,SM306064
Q1515972,SM255850
Q1516823,SM256914
Q1516827,SM480941
Q1517050,SM492906
Q1517496,SM254033
Q1518307,SM250206
Q1519161,SM496876
Q1520094,SM480439
Q1520098,SM252386
Q1520307,SM8071
Q1520835,SM480104
Q1520931,SM493020
Q1522865,SM258183
Q1523166,SM251647
Q1523784,SM250255
Q1527297,SM497004
Q1529456,SM493692
Q1530167,SM256617
Q1533184,SM495004
Q1533409,SM493480
Q1534429,SM257012
Q1534501,SM250260
Q1536013,SM256920
Q1536240,SM8316
Q1537180,SM480994
Q1537493,SM254978
Q1537653,SM258603
Q1538409,SM250263
Q1538451,SM257087
Q1540444,SM257124
Q1540453,SM258672
Q1540523,SM496247
Q1541517,SM255893
Q1541828,SM250646
Q1542227,SM258119
Q1542754,SM495449
Q1542768,SM493298
Q1542882,SM253906
Q1543654,SM253980
Q1543791,SM254002
Q1545880,SM255165
Q1547060,SM253686
Q1548149,SM496249
Q1549801,SM255237
Q1550384,SM255108
Q1550714,SM255869
Q1550826,SM256467
Q1551599,SM493169
Q1552656,SM496251
Q1552707,SM252713
Q1552724,SM250898
Q1552954,SM480419
Q1554146,SM250319
Q1554193,SM7792
Q1554490,SM496881
Q1554625,SM253674
Q1554804,SM492680
Q1555069,SM252777
Q1555188,SM253657
Q1555644,SM254583
Q1555902,SM251426
Q1556876,SM480572
Q1560134,SM258496
Q1560742,SM257401
Q1561062,SM251508
Q1561137,SM495998
Q1561154,SM255347
Q1561494,SM495841
Q1561553,SM492624
Q1561576,SM492623
Q1561807,SM252505
Q1562200,SM257949
Q1562783,SM255480
Q1563030,SM256714
Q1563033,SM255482
Q1563278,SM494099
Q1563601,SM251783
Q1563704,SM492305
Q1563891,SM461931
Q1564956,SM257473
Q1564992,SM257473
Q1565644,SM480317
Q1566605,SM258182
Q1566808,SM254939
Q1566816,SM256921
Q1566954,SM495696
Q1567112,SM496819
Q1567267,SM495882
Q1567323,SM494508
Q1567414,SM250280
Q1567862,SM254049
Q1567892,SM492072
Q1567903,SM496167
Q1568155,SM258169
Q1568215,SM255192
Q1568909,SM255934
Q1570205,SM250560
Q1570674,SM253796
Q1570945,SM8413
Q1571705,SM492306
Q1572210,SM255697
Q1572273,SM492052
Q1572549,SM492307
Q1572622,SM258532
Q1572644,SM250283
Q1572875,SM256460
Q1573198,SM492611
Q1573587,SM252848
Q1573606,SM7352
Q1575456,SM496261
Q1578980,SM486449
Q1580069,SM495684
Q1581447,SM496985
Q1582227,SM256927
Q1584045,SM253823
Q1584363,SM250481
Q1584897,SM253833
Q1585293,SM253850
Q1585756,SM461471
Q1587138,SM493079
Q1588618,SM480788
Q1588921,SM493928
Q1589650,SM493101
Q1590915,SM253108
Q1591185,SM253864
Q1591667,SM250688
Q1593458,SM480644
Q1601861,SM255352
Q1602764,SM250476
Q1602874,SM258646
Q1604701,SM7396
Q1605309,SM493954
Q1606131,SM496770
Q1606140,SM492834
Q1610191,SM480161
Q1613483,SM250122
Q1616006,SM494331
Q1616074,SM8377
Q1616085,SM251539
Q1617408,SM494332
Q1617693,SM494333
Q1618974,SM7396
Q1619364,SM257806
Q1621197,SM487312
Q1623415,SM253915
Q1623739,SM6886
Q1627226,SM494083
Q1627675,SM480843
Q1628371,SM253055
Q1634147,SM480435
Q1634930,SM481082
Q1637735,SM480437
Q1639219,SM486137
Q1639640,SM250318
Q1639658,SM480449
Q1639710,SM495441
Q1640224,SM255211
Q1640329,SM8161
Q1640583,SM250599
Q1641135,SM492106
Q1641721,SM494250
Q1642579,SM495737
Q1645057,SM257865
Q1645980,SM254158
Q1646609,SM252759
Q1649265,SM480809
Q1650422,SM492314
Q1650456,SM255689
Q1650838,SM492959
Q1651019,SM250198
Q1651041,SM493096
Q1651392,SM251609
Q1652290,SM459187
Q1655283,SM257956
Q1655337,SM493596
Q1657042,SM250996
Q1658729,SM253997
Q1658811,SM493081
Q1659009,SM495565
Q1660486,SM250285
Q1660610,SM255121
Q1661144,SM480360
Q1661387,SM495134
Q1661504,SM496941
Q1661549,SM487578
Q1666992,SM257173
Q1667388,SM459055
Q1669293,SM250520
Q1669494,SM256158
Q1670848,SM480895
Q1672477,SM461969
Q1673524,SM493810
Q1673765,SM257663
Q1674069,SM480698
Q1674088,SM480696
Q1674276,SM495406
Q1675074,SM494322
Q1675337,SM250079
Q1675476,SM496289
Q1677919,SM257749
Q1678775,SM250377
Q1679837,SM480961
Q1680351,SM480927
Q1683065,SM496751
Q1683456,SM255951
Q1688654,SM492907
Q1693045,SM458096
Q1695850,SM495564
Q1701284,SM257634
Q1701590,SM458154
Q1703953,SM257826
Q1704029,SM492918
Q1704409,SM256901
Q1705239,SM250793
Q1711628,SM250216
Q1713198,SM450355
Q1717132,SM250826
Q1718707,SM495886
Q1720836,SM493720
Q1721029,SM250336
Q1721614,SM493597
Q1721908,SM250893
Q1722342,SM458469
Q1722812,SM250956
Q1722854,SM495594
Q1722872,SM254354
Q1723212,SM7977
Q1723704,SM250343
Q1723904,SM254420
Q1726724,SM250913
Q1727838,SM494448
Q1728171,SM496322
Q1728924,SM254449
Q1728967,SM254460
Q1729674,SM7723
Q1737166,SM254547
Q1737293,SM480651
Q1737361,SM496149
Q1737369,SM454416
Q1737461,SM254297
Q1738137,SM250301
Q1738459,SM451027
Q1740605,SM250813
Q1740683,SM480555
Q1741121,SM494466
Q1742899,SM256157
Q1743773,SM3325
Q1746291,SM480045
Q1747600,SM495527
Q1749358,SM486497
Q1750007,SM255609
Q1750102,SM480576
Q1752440,SM306055
Q1752805,SM250721
Q1753329,SM6972
Q1753478,SM256892
Q1754298,SM254795
Q1754393,SM487534
Q1754503,SM257019
Q1754790,SM492043
Q1754891,SM256922
Q1755141,SM258174
Q1755147,SM496514
Q1755154,SM7179
Q1755426,SM481037
Q1755790,SM256956
Q1757507,SM258228
Q1757881,SM258210
Q1758372,SM480674
Q1758420,SM480618
Q1759078,SM254199
Q1760759,SM257376
Q1760969,SM8162
Q1761546,SM256838
Q1762752,SM255727
Q1763944,SM493094
Q1763989,SM250257
Q1764009,SM493091
Q1772245,SM250738
Q1772447,SM254967
Q1775933,SM256577
Q1776143,SM6887
Q1776884,SM254778
Q1778363,SM480849
Q1778387,SM480648
Q1778719,SM492317
Q1778868,SM253739
Q1778995,SM250545
Q1779257,SM252934
Q1779499,SM250753
Q1779570,SM487301
Q1779756,SM480564
Q1779902,SM480972
Q1780828,SM496608
Q1783434,SM493044
Q1783660,SM6919
Q1783687,SM250589
Q1784152,SM494685
Q1784307,SM496357
Q1785209,SM250795
Q1785737,SM495683
Q1785898,SM492358
Q1786809,SM250388
Q1789087,SM493567
Q1789347,SM258134
Q1789572,SM252968
Q1789962,SM257696
Q1790160,SM258388
Q1790886,SM454409
Q1790907,SM256569
Q1791948,SM251054
Q1793131,SM255080
Q1794937,SM254958
Q1795387,SM495765
Q1797021,SM259969
Q1797085,SM496373
Q1799968,SM480579
Q1800513,SM255154
Q1800548,SM258024
Q1800826,SM487586
Q1801725,SM7578
Q1804699,SM250177
Q1805686,SM493441
Q1805690,SM493697
Q1807392,SM257440
Q1807851,SM257028
Q1808217,SM255323
Q1811930,SM258535
Q1813500,SM256190
Q1813883,SM481030
Q1814142,SM495374
Q1815623,SM257737
Q1816651,SM250685
Q1816665,SM480734
Q1817409,SM250644
Q1820260,SM252354
Q1824671,SM250431
Q1824726,SM250296
Q1824839,SM492644
Q1825474,SM256400
Q1825812,SM257284
Q1825946,SM493454
Q1827463,SM255625
Q1832976,SM251565
Q1840268,SM495953
Q1841832,SM257591
Q1843161,SM480203
Q1849258,SM493425
Q1850474,SM481069
Q1853257,SM258499
Q1854254,SM250691
Q1854271,SM492319
Q1857902,SM496494
Q1859406,SM493319
Q1859480,SM495509
Q1864853,SM496880
Q1864956,SM256667
Q1866710,SM492321
Q1868093,SM7713
Q1868817,SM250441
Q1872611,SM494767
Q1882163,SM250226
Q1882623,SM7829
Q1882642,SM494723
Q1882676,SM493684
Q1883717,SM255705
Q1886046,SM8136
Q1886222,SM493721
Q1886240,SM255437
Q1886290,SM255440
Q1886313,SM494472
Q1886550,SM255345
Q1887443,SM6024
Q1887509,SM496430
Q1891793,SM251185
Q1891996,SM480928
Q1894673,SM493186
Q1894736,SM258706
Q1898438,SM494631
Q1903204,SM253539
Q1905026,SM250461
Q1911798,SM480300
Q1916068,SM496459
Q1916772,SM255702
Q1921225,SM251439
Q1926507,SM480646
Q1929582,SM256197
Q1929613,SM256918
Q1929668,SM257091
Q1930360,SM7621
Q1931240,SM257599
Q1931707,SM450951
Q1932509,SM480891
Q1932580,SM250776
Q1936223,SM255782
Q1936651,SM258507
Q1937043,SM492960
Q1937531,SM256724
Q1939219,SM255805
Q1940863,SM480658
Q1940883,SM255819
Q1941184,SM255830
Q1941301,SM259898
Q1941398,SM492921
Q1942801,SM487384
Q1943269,SM461526
Q1945649,SM252907
Q1945786,SM7573
Q1952045,SM494431
Q1955201,SM256439
Q1955214,SM494834
Q1955460,SM256012
Q1956640,SM8135
Q1959233,SM250862
Q1959498,SM257640
Q1959574,SM493089
Q1959575,SM8485
Q1964345,SM493198
Q1969264,SM495912
Q1969828,SM258616
Q1970302,SM480967
Q1972445,SM250547
Q1972464,SM492405
Q1972827,SM251093
Q1972939,SM496532
Q1974818,SM258017
Q1974839,SM256865
Q1975588,SM494052
Q1976298,SM486580
Q1976511,SM496414
Q1977698,SM496906
Q1978241,SM480733
Q1981627,SM256242
Q1983453,SM486130
Q1983600,SM8099
Q1983634,SM256478
Q1984313,SM250400
Q1984412,SM481125
Q1984414,SM480748
Q1984446,SM480754
Q1984480,SM492330
Q1985145,SM251501
Q1987276,SM254718
Q1989053,SM256055
Q1989550,SM493396
Q1990195,SM496877
Q1991133,SM480274
Q1993250,SM480763
Q1993509,SM256328
Q1993608,SM256329
Q1994271,SM250572
Q1994351,SM7972
Q1995859,SM8188
Q1996477,SM480067
Q1996554,SM254506
Q1996974,SM487129
Q1998273,SM494193
Q1998864,SM492754
Q2002194,SM455343
Q2002234,SM250794
Q2003945,SM250591
Q2003965,SM496525
Q2004192,SM254636
Q2005663,SM7802
Q2005941,SM258022
Q2006743,SM454622
Q2007538,SM250026
Q2011402,SM7608
Q2013311,SM495468
Q2016052,SM255913
Q2017515,SM255202
Q2017729,SM256448
Q2018207,SM497955
Q2019150,SM8420
Q2019170,SM480236
Q2020080,SM250562
Q2022264,SM493686
Q2023676,SM493996
Q2024808,SM494573
Q2025212,SM257996
Q2025325,SM257183
Q2027023,SM492776
Q2027806,SM496876
Q2027813,SM251710
Q2028921,SM494593
Q2029805,SM496238
Q2029812,SM461525
Q2029821,SM252554
Q2031644,SM257212
Q2031854,SM258536
Q2033181,SM493472
Q2034200,SM257662
Q2034266,SM257732
Q2035264,SM8128
Q2035669,SM256833
Q2037198,SM256572
Q2038622,SM250973
Q2040969,SM480387
Q2042511,SM462047
Q2043044,SM252916
Q2043495,SM480665
Q2045605,SM494869
Q2046097,SM256612
Q2046674,SM497010
Q2046679,SM497010
Q2046680,SM497010
Q2047652,SM480995
Q2050339,SM494978
Q2055236,SM496560
Q2055264,SM487236
Q2056412,SM493955
Q2058417,SM495478
Q2060531,SM258325
Q2061169,SM450404
Q2061333,SM256846
Q2061398,SM8313
Q2062439,SM494219
Q2063871,SM258765
Q2064504,SM256816
Q2065086,SM480333
Q2065280,SM258285
Q2065318,SM256824
Q2065556,SM480794
Q2067192,SM481010
Q2067521,SM256830
Q2067963,SM257992
Q2068754,SM496571
Q2071535,SM497001
Q2075566,SM461488
Q2076582,SM496838
Q2076740,SM480129
Q2078412,SM480694
Q2082159,SM492815
Q2085189,SM493173
Q2087357,SM255548
Q2087633,SM250529
Q2088223,SM250418
Q2089170,SM496574
Q2094703,SM480819
Q2094820,SM258244
Q2104642,SM487374
Q2112453,SM493087
Q2113665,SM480030
Q2116909,SM480459
Q2117559,SM496693
Q2122621,SM257021
Q2123672,SM255071
Q2124289,SM256880
Q2125638,SM257037
Q2133336,SM8275
Q2138746,SM487200
Q2140968,SM257385
Q2141602,SM259891
Q2141648,SM492826
Q2142852,SM492946
Q2143064,SM8591
Q2144062,SM257451
Q2144161,SM487264
Q2146714,SM257213
Q2148873,SM250405
Q2152757,SM495926
Q2153260,SM495158
Q2156426,SM495451
Q2158268,SM252424
Q2161740,SM495868
Q2162816,SM258653
Q2165898,SM258676
Q2167231,SM493478
Q2167763,SM493075
Q2177287,SM495783
Q2192964,SM492998
Q2195308,SM254119
Q2205471,SM492050
Q2210728,SM252431
Q2211728,SM493196
Q2213715,SM257272
Q2214095,SM495071
Q2217211,SM257310
Q2217254,SM250629
Q2218961,SM493076
Q2219658,SM257325
Q2222837,SM495993
Q2224073,SM480899
Q2226224,SM496628
Q2229557,SM8434
Q2230906,SM257492
Q2233666,SM496918
Q2239203,SM480401
Q2253000,SM451110
Q2253047,SM258656
Q2254415,SM8852
Q2256103,SM257324
Q2256113,SM451108
Q2256128,SM451113
Q2256138,SM451105
Q2256310,SM252883
Q2257191,SM494313
Q2257531,SM495790
Q2258527,SM256181
Q2258530,SM8039
Q2258543,SM454418
Q2258581,SM254280
Q2258624,SM252975
Q2258646,SM257510
Q2259699,SM255666
Q2259852,SM8227
Q2259862,SM8037
Q2261258,SM7570
Q2261479,SM252391
Q2261742,SM258209
Q2263199,SM492412
Q2263920,SM257441
Q2264433,SM492596
Q2265848,SM251140
Q2267234,SM7976
Q2267244,SM254836
Q2270871,SM493769
Q2271269,SM257450
Q2274277,SM252614
Q2274390,SM495592
Q2274934,SM495634
Q2275739,SM2096
Q2276596,SM494889
Q2277230,SM257505
Q2278643,SM493722
Q2280107,SM494192
Q2280296,SM492413
Q2280872,SM495393
Q2285219,SM495553
Q2288761,SM250576
Q2292989,SM480030
Q2294144,SM257603
Q2294854,SM493034
Q2295907,SM257662
Q2297785,SM258519
Q2298514,SM494017
Q2299416,SM8081
Q2299931,SM256590
Q2303719,SM7582
Q2303962,SM6640
Q2304554,SM495887
Q2306308,SM492414
Q2308743,SM495368
Q2308972,SM495609
Q2309630,SM250586
Q2309922,SM480328
Q2309935,SM254045
Q2310278,SM495365
Q2323867,SM497007
Q2325516,SM454387
Q2327182,SM254105
Q2329506,SM252219
Q2329512,SM250620
Q2329815,SM258619
Q2329911,SM492415
Q2330821,SM258148
Q2334107,SM492416
Q2334428,SM250858
Q2337622,SM455368
Q2338367,SM253682
Q2340224,SM495687
Q2341546,SM493165
Q2341977,SM7618
Q2342648,SM257427
Q2348287,SM251168
Q2349522,SM480954
Q2350149,SM252018
Q2351967,SM250752
Q2354653,SM486438
Q2355067,SM253293
Q2357073,SM251854
Q2357832,SM253851
Q2359237,SM254234
Q2359535,SM493154
Q2359586,SM492417
Q2361326,SM253159
Q2361350,SM492122
Q2361635,SM493926
Q2362001,SM495601
Q2364324,SM250145
Q2364875,SM257503
Q2365052,SM252801
Q2365136,SM496669
Q2366025,SM7025
Q2366173,SM251178
Q2366626,SM258322
Q2367544,SM8320
Q2373720,SM493925
Q2375955,SM250420
Q2376889,SM480787
Q2378457,SM480714
Q2378525,SM494171
Q2378782,SM480045
Q2382930,SM257704
Q2385523,SM480584
Q2385630,SM480460
Q2388245,SM495555
Q2389533,SM252406
Q2389700,SM257873
Q2391550,SM258781
Q2392686,SM253910
Q2393129,SM253820
Q2393212,SM493481
Q2393309,SM494536
Q2395650,SM250178
Q2395658,SM492857
Q2396363,SM494271
Q2396908,SM492418
Q2398013,SM252567
Q2398834,SM254530
Q2400459,SM462026
Q2401958,SM250668
Q2402040,SM254753
Q2402452,SM8295
Q2404442,SM493088
Q2405145,SM460963
Q2407780,SM253723
Q2408002,SM493105
Q2408212,SM480971
Q2408653,SM258021
Q2414972,SM480609
Q2415009,SM251658
Q2415617,SM258693
Q2418647,SM256327
Q2420428,SM493426
Q2424935,SM256913
Q2425797,SM480051
Q2426677,SM493995
Q2426981,SM492790
Q2427065,SM256372
Q2427512,SM494681
Q2429397,SM480268
Q2429420,SM487826
Q2431931,SM495342
Q2435861,SM250684
Q2436423,SM255339
Q2437423,SM250342
Q2438785,SM7394
Q2442089,SM496880
Q2442920,SM256928
Q2446303,SM493299
Q2447438,SM255738
Q2448335,SM480699
Q2450853,SM254775
Q2453479,SM496807
Q2454478,SM493496
Q2455014,SM250459
Q2455401,SM495595
Q2456206,SM480960
Q2457334,SM258171
Q2459298,SM258185
Q2460357,SM252814
Q2461576,SM493069
Q2461736,SM494223
Q2464473,SM486600
Q2464565,SM486522
Q2464780,SM480682
Q2466130,SM492678
Q2467406,SM486172
Q2467513,SM493974
Q2467559,SM254146
Q2469268,SM251659
Q2469614,SM492836
Q2470108,SM493927
Q2472844,SM258490
Q2473022,SM462045
Q2474564,SM487896
Q2474625,SM487238
Q2476138,SM493023
Q2476783,SM253179
Q2476928,SM493966
Q2477983,SM250320
Q2478056,SM496089
Q2478459,SM496144
Q2479252,SM487540
Q2484412,SM495437
Q2486217,SM251505
Q2486742,SM252601
Q2487243,SM258764
Q2487608,SM480505
Q2493437,SM480668
Q2494829,SM494780
Q2495257,SM495503
Q2498792,SM496133
Q2499791,SM494766
Q2500176,SM480330
Q2500209,SM462043
Q2501199,SM257974
Q2502272,SM8831
Q2505231,SM486523
Q2508464,SM258508
Q2508529,SM257871
Q2509263,SM486127
Q2510251,SM250571
Q2511301,SM254055
Q2513044,SM256038
Q2518037,SM451101
Q2518090,SM254002
Q2518515,SM451099
Q2518802,SM255831
Q2519741,SM255233
Q2520137,SM252436
Q2520155,SM254317
Q2520166,SM255348
Q2520180,SM258184
Q2520279,SM496358
Q2520785,SM8063
Q2522479,SM258534
Q2522489,SM252681
Q2522647,SM258170
Q2522648,SM455376
Q2525402,SM256267
Q2526495,SM250768
Q2526730,SM256660
Q2526737,SM254430
Q2527266,SM251657
Q2527423,SM254005
Q2527467,SM493055
Q2528564,SM251563
Q2530400,SM492420
Q2530880,SM255712
Q2531742,SM493383
Q2533493,SM255417
Q2533513,SM250433
Q2533689,SM494311
Q2535494,SM481042
Q2537324,SM258712
Q2537385,SM258109
Q2540423,SM481048
Q2540445,SM481047
Q2540772,SM487416
Q2544830,SM493040
Q2549328,SM258546
Q2551754,SM492073
Q2553958,SM496564
Q2554358,SM250271
Q2555710,SM495691
Q2556103,SM256785
Q2556536,SM255737
Q2560083,SM493470
Q2560323,SM494872
Q2563726,SM255507
Q2565472,SM258580
Q2566194,SM251390
Q2567458,SM8400
Q2567472,SM496465
Q2567621,SM255335
Q2568762,SM493318
Q2570658,SM492423
Q2571214,SM8314
Q2573955,SM250638
Q2574442,SM250339
Q2574456,SM492424
Q2575602,SM250259
Q2575646,SM257007
Q2576377,SM252096
Q2576656,SM492066
Q2576790,SM252043
Q2577356,SM496777
Q2578011,SM496686
Q2578762,SM493100
Q2579734,SM250750
Q2579809,SM492824
Q2584232,SM254218
Q2585783,SM8693
Q2586461,SM258614
Q2586471,SM492426
Q2587001,SM8235
Q2587618,SM251203
Q2587830,SM255820
Q2588045,SM252583
Q2589229,SM494168
Q2590497,SM480415
Q2594028,SM253304
Q2595799,SM493082
Q2596080,SM255799
Q2597041,SM481115
Q2598589,SM251710
Q2599466,SM8064
Q2600128,SM253303
Q2600290,SM7805
Q2600374,SM496699
Q2600735,SM481060
Q2601219,SM480846
Q2601713,SM258763
Q2602032,SM250618
Q2602417,SM256134
Q2602505,SM480298
Q2602788,SM495299
Q2603574,SM462046
Q2604583,SM258247
Q2604698,SM487381
Q2605053,SM480471
Q2605658,SM255364
Q2606233,SM496712
Q2606511,SM450356
Q2607626,SM253529
Q2607748,SM496079
Q2607796,SM495106
Q2608045,SM496166
Q2608120,SM257088
Q2610423,SM492042
Q2611406,SM496443
Q2614575,SM492977
Q2615416,SM494647
Q2616042,SM252522
Q2616672,SM493967
Q2618942,SM496585
Q2622470,SM493194
Q2624833,SM480902
Q2625682,SM257271
Q2625733,SM495680
Q2625797,SM250447
Q2626922,SM494151
Q2628797,SM250570
Q2629218,SM492890
Q2630843,SM495416
Q2631779,SM257473
Q2632800,SM461514
Q2632887,SM494420
Q2633574,SM480982
Q2634718,SM480821
Q2637569,SM252149
Q2637700,SM480708
Q2637729,SM495029
Q2637938,SM480073
Q2638998,SM254047
Q2639343,SM492428
Q2639939,SM487218
Q2640974,SM486134
Q2641237,SM480338
Q2641248,SM496103
Q2642049,SM459576
Q2643116,SM486131
Q2643509,SM486419
Q2650818,SM8069
Q2651723,SM480053
Q2651756,SM8351
Q2651762,SM487561
Q2652183,SM480632
Q2656122,SM7639
Q2656593,SM480690
Q2657644,SM251435
Q2657880,SM493930
Q2658204,SM7592
Q2658415,SM462051
Q2661428,SM252928
Q2662560,SM250592
Q2664002,SM20754
Q2664253,SM492059
Q2664567,SM254740
Q2665673,SM492430
Q2666017,SM493395
Q2667106,SM257022
Q2667274,SM454496
Q2668201,SM480638
Q2668355,SM255246
Q2668711,SM258165
Q2669239,SM255273
Q2669678,SM455343
Q2670560,SM480503
Q2671109,SM481019
Q2671423,SM251624
Q2671501,SM480715
Q2671687,SM496876
Q2672030,SM492431
Q2673132,SM256879
Q2673588,SM460447
Q2679509,SM8573
Q2680223,SM494980
Q2685033,SM496725
Q2686890,SM7626
Q2696805,SM494167
Q2704114,SM256018
Q2704511,SM450960
Q2707733,SM8239
Q2708132,SM492696
Q2708837,SM255652
Q2712146,SM256651
Q2712187,SM492432
Q2712293,SM497007
Q2714767,SM493344
Q2714852,SM251763
Q2717794,SM250843
Q2719689,SM255800
Q2721972,SM480194
Q2721999,SM487858
Q2722871,SM258270
Q2723590,SM257651
Q2723612,SM258791
Q2723624,SM255290
Q2723747,SM251920
Q2723820,SM257031
Q2723927,SM255479
Q2724018,SM251474
Q2724065,SM492433
Q2724195,SM254822
Q2726954,SM8085
Q2730505,SM254671
Q2731710,SM253449
Q2735001,SM480718
Q2736999,SM257668
Q2740671,SM254644
Q2743328,SM7646
Q2745405,SM252888
Q2745834,SM492434
Q2747205,SM259929
Q2749225,SM250816
Q2749449,SM253321
Q2749675,SM251944
Q2749701,SM495987
Q2750332,SM255998
Q2750650,SM252950
Q2756190,SM462146
Q2756345,SM8491
Q2756708,SM493458
Q2761205,SM496181
Q2769064,SM255741
Q2772697,SM258486
Q2777998,SM255215
Q2778017,SM7616
Q2779134,SM257442
Q2790343,SM451071
Q2793139,SM257201
Q2795516,SM480302
Q2795682,SM7545
Q2804638,SM252890
Q2807320,SM256840
Q2821774,SM250007
Q2822232,SM494208
Q2824077,SM492829
Q2824498,SM250013
Q2825421,SM251427
Q2826241,SM251434
Q2826286,SM251437
Q2827380,SM492437
Q2827422,SM251476
Q2827716,SM493201
Q2828795,SM487261
Q2828936,SM454478
Q2829189,SM250355
Q2830787,SM251543
Q2836039,SM493893
Q2837639,SM250027
Q2839602,SM8238
Q2840535,SM454425
Q2844528,SM497954
Q2845111,SM495632
Q2845328,SM251632
Q2845775,SM495944
Q2846143,SM493747
Q2846185,SM250619
Q2849257,SM250558
Q2849692,SM494053
Q2849715,SM8295
Q2852564,SM7556
Q2852575,SM250844
Q2857872,SM258454
Q2858015,SM454533
Q2858307,SM496024
Q2859351,SM462055
Q2859361,SM254040
Q2859546,SM251679
Q2861288,SM496029
Q2861440,SM493108
Q2861674,SM496030
Q2863014,SM496876
Q2863480,SM480145
Q2864772,SM495648
Q2866922,SM496033
Q2868956,SM493743
Q2869042,SM492801
Q2872334,SM493789
Q2872543,SM252587
Q2874336,SM250048
Q2874654,SM459083
Q2874660,SM7889
Q2876445,SM493742
Q2876530,SM251493
Q2876746,SM256626
Q2877885,SM250107
Q2877966,SM251835
Q2878500,SM496056
Q2878657,SM462029
Q2878757,SM251852
Q2878895,SM250054
Q2878903,SM6670
Q2879045,SM492981
Q2879337,SM454419
Q2880300,SM252114
Q2880363,SM250062
Q2880809,SM250534
Q2881680,SM451080
Q2881816,SM493706
Q2882312,SM250071
Q2882322,SM480185
Q2882351,SM252000
Q2882402,SM250777
Q2882454,SM250074
Q2882661,SM496077
Q2883527,SM480112
Q2883534,SM258820
Q2883539,SM492440
Q2883541,SM480181
Q2883552,SM481118
Q2883553,SM480556
Q2883559,SM250855
Q2883706,SM496082
Q2884551,SM252073
Q2884627,SM250057
Q2886395,SM454388
Q2887850,SM258073
Q2889720,SM480498
Q2890965,SM480142
Q2891030,SM8423
Q2891032,SM252117
Q2891069,SM250084
Q2891085,SM250741
Q2891172,SM252121
Q2891174,SM493052
Q2892063,SM496091
Q2892116,SM6687
Q2892228,SM254226
Q2893828,SM250643
Q2894202,SM496096
Q2894369,SM495362
Q2894388,SM486463
Q2894610,SM250990
Q2894941,SM495677
Q2895261,SM6659
Q2895273,SM251832
Q2895794,SM450354
Q2895807,SM7504
Q2896296,SM492699
Q2899108,SM492755
Q2899812,SM495734
Q2899846,SM493961
Q2900057,SM7575
Q2901739,SM495327
Q2904355,SM480212
Q2904712,SM250964
Q2904963,SM492441
Q2907504,SM250140
Q2907905,SM250075
Q2908389,SM492950
Q2909576,SM251834
Q2909778,SM250120
Q2913825,SM256302
Q2914034,SM8489
Q2914261,SM496545
Q2914394,SM257155
Q2914516,SM495950
Q2915101,SM492905
Q2916034,SM306078
Q2916416,SM492749
Q2916490,SM8856
Q2917569,SM495942
Q2918061,SM451134
Q2918541,SM257577
Q2919587,SM253916
Q2920265,SM480501
Q2920708,SM480560
Q2921096,SM488008
Q2921499,SM250130
Q2923131,SM493041
Q2927589,SM250129
Q2927597,SM250131
Q2928107,SM250133
Q2928170,SM250530
Q2928174,SM252423
Q2928651,SM496134
Q2928721,SM250138
Q2929115,SM461933
Q2929727,SM252172
Q2929955,SM250019
Q2933374,SM258105
Q2933667,SM480254
Q2935814,SM7659
Q2935829,SM486536
Q2936364,SM480262
Q2938783,SM252607
Q2938858,SM493006
Q2942174,SM494484
Q2943259,SM492442
Q2943324,SM252622
Q2944129,SM495657
Q2944199,SM493054
Q2947754,SM461330
Q2947996,SM492724
Q2962691,SM252774
Q2963206,SM7194
Q2963649,SM252810
Q2963786,SM480296
Q2964471,SM487666
Q2967622,SM7821
Q2967759,SM252649
Q2967771,SM494904
Q2975178,SM492931
Q2975309,SM252323
Q2977219,SM480054
Q2977945,SM496083
Q2979621,SM251104
Q2979996,SM258513
Q2983408,SM254108
Q2983498,SM250866
Q2983801,SM255887
Q2985492,SM480970
Q2986879,SM258268
Q2987531,SM492443
Q2989348,SM494243
Q2991513,SM461974
Q2993262,SM258514
Q2993629,SM250982
Q2994739,SM492341
Q2995285,SM258588
Q2995857,SM256670
Q2995962,SM250279
Q2995992,SM250237
Q2996371,SM496742
Q2996826,SM8123
Q2996972,SM495694
Q2997127,SM251898
Q2997262,SM496989
Q2997267,SM8132
Q2997384,SM492608
Q2997432,SM495363
Q2997663,SM495658
Q2997706,SM255279
Q2997993,SM494062
Q3003133,SM486472
Q3007508,SM252980
Q3007566,SM495659
Q3011568,SM250867
Q3012254,SM253013
Q3014846,SM494315
Q3015339,SM486475
Q3016793,SM257963
Q3019398,SM250180
Q3025591,SM492912
Q3025924,SM250869
Q3026367,SM250167
Q3026372,SM495031
Q3026375,SM486590
Q3026377,SM495101
Q3026378,SM486592
Q3026382,SM494321
Q3026385,SM486593
Q3026386,SM496886
Q3026394,SM486572
Q3026395,SM494731
Q3026408,SM496899
Q3026442,SM487575
Q3026843,SM250186
Q3031282,SM255074
Q3032900,SM20752
Q3032994,SM253202
Q3033736,SM493707
Q3034452,SM8360
Q3034893,SM495409
Q3036334,SM257660
Q3036435,SM480219
Q3038078,SM250524
Q3038163,SM250664
Q3038289,SM250211
Q3039426,SM496196
Q3039820,SM8708
Q3041543,SM257206
Q3041760,SM496199
Q3042214,SM250190
Q3044415,SM306054
Q3046502,SM481078
Q3046609,SM250744
Q3046844,SM492085
Q3049285,SM250100
Q3049373,SM255867
Q3049637,SM250229
Q3049786,SM250692
Q3049924,SM255682
Q3054078,SM493884
Q3058858,SM8224
Q3059102,SM461942
Q3061633,SM487326
Q3062083,SM496886
Q3062634,SM250290
Q3064750,SM493210
Q3066236,SM256937
Q3067719,SM496899
Q3072604,SM253375
Q3072663,SM480043
Q3074423,SM487335
Q3075017,SM7600
Q3077693,SM492711
Q3077918,SM7596
Q3079913,SM492888
Q3081990,SM250368
Q3082011,SM250490
Q3082329,SM250877
Q3082333,SM494210
Q3082334,SM494212
Q3082336,SM494211
Q3082345,SM494213
Q3082350,SM494201
Q3082434,SM258510
Q3083205,SM496224
Q3088076,SM495769
Q3088284,SM251432
Q3088489,SM250653
Q3090608,SM7633
Q3090691,SM255320
Q3091608,SM7630
Q3091656,SM492050
Q3093472,SM253401
Q3094216,SM253409
Q3094835,SM492445
Q3094841,SM494928
Q3097871,SM253942
Q3098388,SM256452
Q3099256,SM493036
Q3099764,SM255841
Q3100974,SM492640
Q3104846,SM492088
Q3104978,SM6867
Q3108519,SM493784
Q3109786,SM253603
Q3109826,SM251521
Q3110223,SM258805
Q3110314,SM494835
Q3111143,SM255404
Q3111172,SM480812
Q3111217,SM250403
Q3111749,SM250276
Q3118825,SM496253
Q3120476,SM480908
Q3120710,SM250587
Q3120790,SM255033
Q3120839,SM459062
Q3122393,SM493714
Q3122474,SM250271
Q3123073,SM481040
Q3127246,SM495585
Q3128728,SM7887
Q3130001,SM7773
Q3130374,SM255023
Q3132862,SM480862
Q3134755,SM253884
Q3137595,SM8662
Q3138755,SM258334
Q3139118,SM251892
Q3139452,SM250303
Q3139488,SM250302
Q3139967,SM258008
Q3140009,SM8363
Q3140110,SM494263
Q3140807,SM250416
Q3140817,SM250607
Q3141141,SM8091
Q3141221,SM480692
Q3143239,SM6616
Q3147375,SM253969
Q3148020,SM258736
Q3149097,SM495103
Q3149102,SM493438
Q3150506,SM486552
Q3154477,SM496898
Q3154488,SM494296
Q3154489,SM494302
Q3154490,SM494298
Q3154491,SM494301
Q3155371,SM7653
Q3155516,SM250321
Q3155912,SM493816
Q3155979,SM254077
Q3160743,SM250817
Q3162821,SM492803
Q3165971,SM251642
Q3166998,SM495904
Q3172654,SM257976
Q3177118,SM454472
Q3182469,SM492976
Q3182573,SM258258
Q3183734,SM450341
Q3191655,SM254287
Q3192108,SM480521
Q3192344,SM250340
Q3192472,SM254371
Q3192768,SM7875
Q3192943,SM500660
Q3193008,SM480531
Q3193565,SM454480
Q3194827,SM250743
Q3195599,SM461964
Q3195906,SM251047
Q3195909,SM251048
Q3196241,SM254722
Q3196926,SM254744
Q3197600,SM480557
Q3198499,SM250374
Q3198560,SM250376
Q3198705,SM486146
Q3198706,SM250379
Q3199049,SM492775
Q3199185,SM250408
Q3199283,SM480566
Q3199423,SM254965
Q3199518,SM250520
Q3199520,SM7974
Q3199886,SM250841
Q3199927,SM496899
Q3200179,SM450379
Q3200316,SM255013
Q3200623,SM250385
Q3200662,SM255111
Q3200841,SM252178
Q3200844,SM250404
Q3201091,SM493794
Q3205308,SM252888
Q3205414,SM258229
Q3214271,SM493767
Q3216439,SM250409
Q3216487,SM480580
Q3217080,SM250415
Q3217683,SM8265
Q3218572,SM454397
Q3228749,SM255219
Q3228970,SM250419
Q3229456,SM250421
Q3233974,SM462057
Q3237695,SM486561
Q3237873,SM492692
Q3239254,SM254685
Q3241021,SM461328
Q3242360,SM480594
Q3243684,SM254567
Q3243989,SM8631
Q3244280,SM7589
Q3244694,SM480443
Q3245102,SM258539
Q3246882,SM250725
Q3247924,SM253226
Q3258734,SM251689
Q3258817,SM499469
Q3258835,SM496415
Q3259156,SM250442
Q3259522,SM494299
Q3259878,SM486461
Q3261029,SM251062
Q3264431,SM495006
Q3264684,SM8361
Q3265144,SM250445
Q3265989,SM495695
Q3267254,SM251441
Q3267264,SM250092
Q3267812,SM486506
Q3267813,SM496422
Q3267945,SM251582
Q3268656,SM250224
Q3270067,SM255218
Q3271270,SM251103
Q3273120,SM495955
Q3273436,SM256227
Q3274441,SM486446
Q3275518,SM462024
Q3276439,SM250462
Q3276826,SM495736
Q3277590,SM255385
Q3280828,SM480610
Q3281621,SM493856
Q3281786,SM255481
Q3284755,SM250470
Q3285078,SM255513
Q3285085,SM250472
Q3285298,SM255524
Q3287527,SM462087
Q3298187,SM258591
Q3299202,SM493687
Q3299218,SM493483
Q3299415,SM494607
Q3299468,SM494231
Q3300127,SM486528
Q3302922,SM492448
Q3303069,SM493800
Q3303127,SM493445
Q3303470,SM250494
Q3303511,SM250920
Q3303515,SM259961
Q3303532,SM250921
Q3303544,SM250499
Q3303556,SM250504
Q3303563,SM250500
Q3303599,SM255106
Q3303849,SM486517
Q3303964,SM251543
Q3304446,SM494727
Q3305452,SM492703
Q3307681,SM493998
Q3307851,SM492344
Q3308238,SM495267
Q3308808,SM480303
Q3310017,SM450958
Q3312501,SM252831
Q3313849,SM496996
Q3314452,SM450395
Q3317723,SM494839
Q3319373,SM496479
Q3320681,SM255885
Q3320685,SM496339
Q3320698,SM255886
Q3320996,SM256027
Q3322377,SM480867
Q3322818,SM492449
Q3324776,SM255912
Q3325937,SM480271
Q3326317,SM492773
Q3326484,SM493064
Q3326938,SM255925
Q3327263,SM493179
Q3327332,SM8041
Q3331097,SM487595
Q3331917,SM251096
Q3335397,SM250542
Q3335624,SM252945
Q3336809,SM253087
Q3337448,SM250548
Q3337463,SM250550
Q3337493,SM250249
Q3337509,SM7890
Q3337519,SM493814
Q3337588,SM493167
Q3337977,SM256225
Q3339252,SM256258
Q3339258,SM256261
Q3339282,SM256279
Q3339286,SM487294
Q3339414,SM493708
Q3342077,SM487292
Q3342347,SM480765
Q3342354,SM256337
Q3342369,SM250577
Q3343346,SM7423
Q3345976,SM7872
Q3345985,SM454505
Q3346441,SM6610
Q3346445,SM250603
Q3346565,SM253593
Q3346570,SM480774
Q3346583,SM256406
Q3346589,SM250595
Q3346711,SM250616
Q3347113,SM492974
Q3347257,SM256254
Q3347913,SM251969
Q3348587,SM8230
Q3349057,SM486504
Q3349323,SM254261
Q3349467,SM480391
Q3349806,SM257908
Q3350004,SM495749
Q3350016,SM487102
Q3350553,SM253154
Q3352263,SM252203
Q3355032,SM256471
Q3355035,SM496363
Q3356842,SM256495
Q3357335,SM495750
Q3357531,SM493618
Q3357546,SM256506
Q3357925,SM250923
Q3358162,SM250288
Q3358221,SM256580
Q3358245,SM250168
Q3358259,SM7906
Q3360017,SM256631
Q3360028,SM493709
Q3361675,SM493766
Q3361895,SM254973
Q3362165,SM256701
Q3365064,SM257122
Q3366501,SM454487
Q3367738,SM258443
Q3374418,SM8357
Q3375052,SM480819
Q3375652,SM253365
Q3375759,SM255408
Q3376313,SM480021
Q3377821,SM480466
Q3378607,SM493161
Q3378657,SM492996
Q3383533,SM253521
Q3387769,SM495788
Q3388372,SM256882
Q3388653,SM256887
Q3392144,SM493054
Q3393218,SM250634
Q3394152,SM495938
Q3394469,SM492778
Q3395165,SM480352
Q3395438,SM494635
Q3396021,SM454622
Q3396203,SM494474
Q3397587,SM255339
Q3398927,SM250287
Q3399304,SM7719
Q3399951,SM256934
Q3400349,SM496590
Q3400577,SM492450
Q3402317,SM492451
Q3407146,SM497004
Q3409224,SM258452
Q3410450,SM255339
Q3410559,SM494619
Q3418386,SM492452
Q3419023,SM480859
Q3420444,SM497530
Q3428749,SM250927
Q3428765,SM255756
Q3428789,SM252506
Q3429877,SM253132
Q3429904,SM253493
Q3434027,SM257172
Q3435610,SM255225
Q3435904,SM254412
Q3436520,SM257331
Q3436900,SM256906
Q3440358,SM454487
Q3441289,SM494580
Q3441791,SM496905
Q3442376,SM494770
Q3443802,SM256041
Q3443961,SM256331
Q3445752,SM493557
Q3445971,SM495709
Q3446614,SM495662
Q3448954,SM257758
Q3449908,SM257926
Q3449914,SM8645
Q3453126,SM257202
Q3459266,SM494683
Q3459762,SM480367
Q3460428,SM8108
Q3469610,SM461975
Q3469658,SM495663
Q3469953,SM492695
Q3470892,SM257360
Q3470934,SM252861
Q3473941,SM493703
Q3474035,SM257412
Q3474642,SM250967
Q3474905,SM492453
Q3475143,SM495664
Q3476361,SM486510
Q3476364,SM494717
Q3476623,SM8849
Q3477749,SM492454
Q3477752,SM492455
Q3478243,SM487619
Q3478464,SM496636
Q3478487,SM257459
Q3480314,SM7620
Q3480556,SM492712
Q3480645,SM492722
Q3482003,SM250677
Q3483067,SM495665
Q3483961,SM493015
Q3485276,SM257645
Q3485378,SM480318
Q3485550,SM480931
Q3488894,SM250687
Q3489246,SM495666
Q3489587,SM257685
Q3489977,SM480940
Q3490362,SM250590
Q3490366,SM250697
Q3491125,SM257424
Q3491511,SM258273
Q3494730,SM493432
Q3498126,SM494153
Q3501932,SM486582
Q3501965,SM494807
Q3502040,SM492456
Q3502382,SM495706
Q3502513,SM257180
Q3502583,SM495150
Q3502638,SM492620
Q3502711,SM492904
Q3503021,SM494135
Q3503027,SM494137
Q3503053,SM255894
Q3503182,SM257667
Q3503395,SM250718
Q3507533,SM494132
Q3507850,SM497018
Q3507860,SM253908
Q3508816,SM495705
Q3508824,SM450387
Q3508958,SM254709
Q3509774,SM492728
Q3509829,SM254969
Q3509835,SM258120
Q3509908,SM252871
Q3509921,SM251619
Q3510043,SM256980
Q3510107,SM493666
Q3510129,SM252592
Q3511237,SM494554
Q3511616,SM255974
Q3511671,SM256662
Q3511719,SM256944
Q3511941,SM256314
Q3512034,SM256376
Q3512141,SM480412
Q3512255,SM8465
Q3512367,SM258517
Q3512395,SM494093
Q3512531,SM252618
Q3512657,SM495850
Q3512665,SM496876
Q3512666,SM494675
Q3512746,SM496739
Q3512882,SM255870
Q3512909,SM496264
Q3513012,SM480273
Q3513023,SM493680
Q3513333,SM258123
Q3513390,SM258604
Q3513491,SM8242
Q3513576,SM257843
Q3513610,SM487435
Q3513639,SM480614
Q3513658,SM480671
Q3513677,SM480896
Q3513727,SM250291
Q3513756,SM253779
Q3513817,SM487161
Q3513818,SM492457
Q3514002,SM257934
Q3514083,SM493732
Q3514245,SM8223
Q3514516,SM493200
Q3514796,SM258129
Q3514801,SM480777
Q3514911,SM480114
Q3515132,SM255225
Q3515254,SM8206
Q3515258,SM8197
Q3515431,SM257922
Q3515919,SM8031
Q3516528,SM496694
Q3516552,SM496681
Q3517235,SM257975
Q3517970,SM480046
Q3518671,SM256747
Q3519593,SM250979
Q3520262,SM254080
Q3521791,SM255936
Q3521909,SM252536
Q3521998,SM254881
Q3522004,SM253102
Q3522382,SM258411
Q3523011,SM256045
Q3525261,SM255653
Q3525435,SM258427
Q3525550,SM254018
Q3528128,SM495714
Q3529001,SM480999
Q3530203,SM495167
Q3530409,SM494648
Q3530772,SM493851
Q3530835,SM257149
Q3531196,SM253688
Q3532102,SM250636
Q3532227,SM257149
Q3532587,SM258341
Q3532625,SM256100
Q3532986,SM258156
Q3533882,SM258157
Q3535147,SM256039
Q3535195,SM257899
Q3535671,SM250783
Q3535903,SM493861
Q3535912,SM493854
Q3536688,SM258056
Q3538281,SM6858
Q3538951,SM492609
Q3539062,SM492458
Q3539728,SM492835
Q3541598,SM257823
Q3541911,SM493467
Q3542413,SM480974
Q3542469,SM258231
Q3543292,SM494501
Q3547599,SM492647
Q3548155,SM7613
Q3550146,SM258542
Q3551174,SM253970
Q3552758,SM258328
Q3552760,SM258328
Q3553666,SM495667
Q3554670,SM454479
Q3554689,SM492792
Q3555744,SM492877
Q3557450,SM252811
Q3557752,SM254016
Q3557832,SM495514
Q3557862,SM493140
Q3557879,SM492461
Q3557982,SM254020
Q3558036,SM254019
Q3558060,SM7627
Q3558407,SM250797
Q3563106,SM492463
Q3564905,SM250985
Q3565505,SM8832
Q3565598,SM253682
Q3565812,SM480230
Q3566326,SM257993
Q3567133,SM492464
Q3567156,SM492051
Q3567287,SM252642
Q3567943,SM252127
Q3569567,SM250806
Q3569581,SM462036
Q3569807,SM459080
Q3570164,SM250015
Q3570170,SM493741
Q3571467,SM258677
Q3571561,SM250069
Q3573178,SM496801
Q3573236,SM250090
Q3573248,SM258772
Q3573453,SM480158
Q3573554,SM256426
Q3574062,SM258452
Q3575122,SM461953
Q3575176,SM258797
Q3575525,SM493710
Q3576151,SM492465
Q3577172,SM495655
Q3577339,SM250223
Q3577483,SM253340
Q3591506,SM493018
Q3595394,SM495982
Q3595583,SM252859
Q3595693,SM254927
Q3595742,SM251450
Q3595746,SM258448
Q3595760,SM256773
Q3595822,SM255585
Q3595857,SM251691
Q3606391,SM495983
Q3606908,SM496766
Q3607408,SM257524
Q3607660,SM251534
Q3613688,SM496005
Q3613729,SM250739
Q3614298,SM496003
Q3615139,SM495635
Q3617880,SM8795
Q3621288,SM251681
Q3621312,SM251690
Q3621372,SM487066
Q3622142,SM252983
Q3622224,SM493149
Q3623190,SM254596
Q3623724,SM496646
Q3624326,SM257200
Q3624332,SM256030
Q3624647,SM8220
Q3624751,SM251736
Q3625075,SM493175
Q3625670,SM494729
Q3625991,SM258812
Q3626085,SM493593
Q3627720,SM496042
Q3627844,SM250720
Q3628096,SM8178
Q3628813,SM481105
Q3630074,SM255026
Q3630408,SM253754
Q3631283,SM480165
Q3631421,SM7795
Q3632770,SM253747
Q3633488,SM250434
Q3634016,SM480186
Q3634439,SM480110
Q3634445,SM492466
Q3635166,SM493436
Q3635204,SM496205
Q3635472,SM254440
Q3635523,SM496087
Q3636191,SM495373
Q3640476,SM450378
Q3641526,SM258816
Q3643912,SM252495
Q3646558,SM258273
Q3648473,SM494222
Q3649408,SM496142
Q3650994,SM492853
Q3651057,SM492467
Q3651318,SM255787
Q3651325,SM492468
Q3651629,SM496145
Q3651797,SM497105
Q3652200,SM493287
Q3653261,SM493284
Q3654784,SM254374
Q3656050,SM492469
Q3656060,SM250533
Q3656745,SM486133
Q3657684,SM487267
Q3658301,SM488017
Q3658641,SM494060
Q3658660,SM252607
Q3661759,SM8043
Q3661892,SM254512
Q3664046,SM480279
Q3666062,SM480279
Q3666995,SM487521
Q3667001,SM494425
Q3667079,SM495375
Q3674723,SM252768
Q3674749,SM8044
Q3674937,SM494434
Q3674978,SM252813
Q3675188,SM258758
Q3675307,SM252880
Q3675475,SM255844
Q3675496,SM255070
Q3675526,SM494422
Q3676128,SM494420
Q3677896,SM496894
Q3681804,SM252970
Q3681805,SM254800
Q3681994,SM8238
Q3683456,SM496877
Q3685568,SM492470
Q3685627,SM462063
Q3695112,SM255510
Q3695777,SM480244
Q3696210,SM8598
Q3696378,SM256880
Q3705430,SM496184
Q3707415,SM257304
Q3707477,SM495753
Q3724043,SM496210
Q3725317,SM492879
Q3727213,SM496800
Q3728754,SM493888
Q3732778,SM250876
Q3735377,SM494923
Q3740483,SM495378
Q3745748,SM494188
Q3745985,SM493651
Q3750920,SM494439
Q3751098,SM494204
Q3752558,SM494959
Q3754271,SM253396
Q3756857,SM459078
Q3760071,SM487093
Q3764024,SM257878
Q3764518,SM253225
Q3772429,SM492472
Q3776273,SM495542
Q3776553,SM494014
Q3777040,SM487628
Q3778168,SM494239
Q3780314,SM252399
Q3780541,SM251628
Q3780875,SM493409
Q3780885,SM493583
Q3781377,SM492473
Q3781457,SM493584
Q3781567,SM495675
Q3781665,SM493124
Q3790450,SM254981
Q3791509,SM496273
Q3795966,SM253281
Q3796457,SM492475
Q3796701,SM257183
Q3801939,SM492132
Q3802390,SM492476
Q3804348,SM494316
Q3804351,SM494318
Q3804352,SM494317
Q3804354,SM494320
Q3804355,SM496877
Q3804357,SM494330
Q3804360,SM494323
Q3804365,SM496877
Q3804367,SM494324
Q3804371,SM494327
Q3804372,SM494326
Q3804571,SM492354
Q3807036,SM254133
Q3811213,SM258768
Q3812394,SM254249
Q3812650,SM494672
Q3812666,SM252831
Q3812922,SM496324
Q3813013,SM252608
Q3813175,SM496148
Q3813471,SM493123
Q3813834,SM258788
Q3814071,SM495732
Q3815008,SM493493
Q3816167,SM8179
Q3816986,SM8059
Q3817508,SM255098
Q3818715,SM492056
Q3822975,SM258778
Q3822987,SM492477
Q3825939,SM481109
Q3826173,SM493782
Q3826726,SM480607
Q3827200,SM461520
Q3827586,SM480423
Q3827597,SM481133
Q3827613,SM253834
Q3827617,SM252011
Q3827947,SM255590
Q3841827,SM255333
Q3841879,SM492385
Q3841931,SM496423
Q3841934,SM8236
Q3843534,SM255863
Q3844248,SM492478
Q3844398,SM8219
Q3845157,SM250579
Q3845189,SM255582
Q3845676,SM496483
Q3847003,SM496975
Q3847372,SM468123
Q3847542,SM257207
Q3847561,SM250413
Q3847568,SM250942
Q3847610,SM257752
Q3847982,SM250734
Q3848143,SM487158
Q3848322,SM254198
Q3848643,SM254228
Q3850712,SM255638
Q3850798,SM496427
Q3850806,SM6026
Q3850934,SM493442
Q3851414,SM250614
Q3851891,SM496450
Q3853428,SM496458
Q3856074,SM496469
Q3857302,SM496591
Q3858595,SM496221
Q3859772,SM492479
Q3860800,SM497025
Q3862296,SM255894
Q3862946,SM496485
Q3866948,SM8231
Q3867357,SM480269
Q3873358,SM496505
Q3874054,SM7355
Q3874237,SM496506
Q3874542,SM256223
Q3875021,SM258307
Q3875052,SM487502
Q3875078,SM487500
Q3877074,SM256314
Q3877404,SM494334
Q3877585,SM496520
Q3878266,SM496522
Q3884171,SM495911
Q3886496,SM496542
Q3887752,SM494110
Q3888072,SM451048
Q3888282,SM496188
Q3888291,SM250671
Q3888299,SM250922
Q3888346,SM451106
Q3888405,SM496544
Q3888692,SM256637
Q3890363,SM259897
Q3890850,SM250370
Q3890871,SM252364
Q3892137,SM255526
Q3892152,SM255496
Q3892167,SM253991
Q3892183,SM258442
Q3892191,SM250315
Q3892207,SM7806
Q3892223,SM256209
Q3892234,SM254057
Q3892241,SM496759
Q3892250,SM496304
Q3892259,SM250505
Q3892270,SM258527
Q3892518,SM250359
Q3892525,SM250900
Q3892531,SM250667
Q3892540,SM250654
Q3892546,SM250747
Q3892555,SM258518
Q3892569,SM257152
Q3892580,SM464093
Q3892588,SM250928
Q3892595,SM255344
Q3892605,SM250680
Q3892612,SM257752
Q3892618,SM250501
Q3892625,SM6687
Q3892648,SM255935
Q3893088,SM256688
Q3893283,SM255667
Q3893641,SM250111
Q3894072,SM494109
Q3894697,SM496555
Q3894912,SM256450
Q3895025,SM250509
Q3895090,SM7700
Q3895145,SM256740
Q3895187,SM250930
Q3895194,SM480060
Q3895199,SM250931
Q3895206,SM256296
Q3895241,SM496559
Q3897521,SM256776
Q3901671,SM256999
Q3906524,SM8229
Q3906610,SM8585
Q3907128,SM496582
Q3908400,SM495383
Q3908410,SM496557
Q3909806,SM256947
Q3913315,SM492732
Q3915328,SM258068
Q3915414,SM8415
Q3915723,SM496382
Q3915826,SM257682
Q3916714,SM480038
Q3917690,SM258179
Q3917764,SM250908
Q3917782,SM258780
Q3918996,SM494023
Q3924177,SM492936
Q3924338,SM492839
Q3926036,SM496588
Q3928451,SM257176
Q3937788,SM254805
Q3938099,SM451104
Q3940400,SM257180
Q3942578,SM493197
Q3943984,SM462017
Q3944210,SM496614
Q3944936,SM8228
Q3950558,SM257389
Q3960455,SM496650
Q3968551,SM495600
Q3973837,SM492780
Q3976466,SM492885
Q3980062,SM496211
Q3980977,SM8171
Q3981561,SM257955
Q3983448,SM257991
Q3984995,SM492485
Q3986598,SM256081
Q3986684,SM495325
Q3993042,SM250981
Q3999611,SM493459
Q3999946,SM496718
Q4000527,SM258207
Q4000582,SM492486
Q4002478,SM493120
Q4003544,SM258284
Q4006517,SM493126
Q4006552,SM496741
Q4009691,SM492487
Q4011319,SM493189
Q4017651,SM461963
Q4017675,SM8243
Q4018490,SM496760
Q4020636,SM256728
Q4022341,SM496783
Q4022554,SM496787
Q4022915,SM480693
Q4023270,SM8221
Q4024188,SM461544
Q4024837,SM481101
Q4025255,SM494421
Q4025525,SM480103
Q4029560,SM493953
Q4054324,SM492987
Q4057928,SM250891
Q4058278,SM494419
Q4058325,SM259931
Q4058929,SM251486
Q4059626,SM494086
Q4060446,SM492991
Q4060514,SM492893
Q4060566,SM487896
Q4062837,SM251557
Q4062923,SM254579
Q4063073,SM251556
Q4064940,SM494108
Q4064980,SM454513
Q4065203,SM494056
Q4067912,SM254066
Q4069689,SM496876
Q4069690,SM496876
Q4069692,SM251710
Q4069694,SM496876
Q4069699,SM496876
Q4069700,SM496876
Q4069701,SM496876
Q4069881,SM492949
Q4071419,SM492488
Q4071448,SM496904
Q4071450,SM496904
Q4072864,SM494966
Q4074491,SM494664
Q4074809,SM251878
Q4074957,SM495799
Q4076407,SM251942
Q4077240,SM496070
Q4086649,SM252341
Q4093365,SM252430
Q4098031,SM494571
Q4098570,SM252518
Q4099242,SM492866
Q4099905,SM252549
Q4100828,SM252316
Q4110579,SM252127
Q4115167,SM480688
Q4115170,SM8322
Q4115171,SM480706
Q4115176,SM480702
Q4115389,SM253247
Q4115525,SM256650
Q4115722,SM480704
Q4115738,SM253365
Q4116148,SM496876
Q4116182,SM495034
Q4116699,SM496899
Q4116711,SM497010
Q4117125,SM7643
Q4117143,SM495174
Q4117293,SM495530
Q4118330,SM251664
Q4118494,SM494382
Q4118723,SM480697
Q4118773,SM251803
Q4119012,SM252013
Q4119125,SM496925
Q4119660,SM306071
Q4119894,SM258665
Q4120474,SM462049
Q4120516,SM253939
Q4120654,SM495772
Q4120990,SM250889
Q4121292,SM462035
Q4121859,SM493462
Q4123123,SM493520
Q4123156,SM495417
Q4126554,SM492970
Q4130083,SM496918
Q4132726,SM251405
Q4133164,SM495628
Q4133167,SM6961
Q4134704,SM493793
Q4138671,SM496267
Q4144552,SM250095
Q4148453,SM253682
Q4152167,SM492093
Q4155828,SM492489
Q4159883,SM250823
Q4159951,SM496293
Q4163150,SM493063
Q4164648,SM250949
Q4165303,SM480695
Q4166501,SM253234
Q4167924,SM495334
Q4172037,SM496186
Q4172847,SM7559
Q4182523,SM495808
Q4187138,SM496812
Q4192440,SM492929
Q4197984,SM492750
Q4200801,SM8332
Q4200853,SM251553
Q4200881,SM256636
Q4202816,SM252760
Q4203518,SM492134
Q4203800,SM257224
Q4205797,SM250825
Q4205925,SM258749
Q4206762,SM487513
Q4206785,SM254556
Q4207418,SM493947
Q4207441,SM496333
Q4208059,SM494383
Q4208060,SM254579
Q4208063,SM254579
Q4208064,SM254579
Q4208066,SM254579
Q4208067,SM254579
Q4208073,SM254579
Q4209424,SM254325
Q4212494,SM254414
Q4212837,SM253304
Q4213816,SM255280
Q4214346,SM496326
Q4214847,SM250350
Q4216409,SM495149
Q4217022,SM454612
Q4217140,SM492784
Q4217497,SM252563
Q4218075,SM494873
Q4218400,SM255121
Q4220657,SM257027
Q4221190,SM255142
Q4222431,SM480292
Q4236555,SM254797
Q4241865,SM495795
Q4246646,SM480255
Q4246663,SM492490
Q4246850,SM250901
Q4247147,SM7554
Q4248571,SM255070
Q4253556,SM255178
Q4253952,SM496881
Q4254919,SM480585
Q4256383,SM486487
Q4257463,SM487547
Q4260768,SM256061
Q4260945,SM495187
Q4262236,SM254274
Q4262343,SM255726
Q4263549,SM492769
Q4264775,SM493444
Q4266761,SM253196
Q4267416,SM256062
Q4269361,SM486441
Q4271587,SM496876
Q4272184,SM495742
Q4273828,SM251182
Q4274354,SM250628
Q4277415,SM255660
Q4277705,SM257422
Q4279475,SM495128
Q4280089,SM493929
Q4280269,SM255532
Q4280985,SM256063
Q4281200,SM250483
Q4281294,SM493003
Q4283876,SM492763
Q4283877,SM492763
Q4287811,SM454395
Q4292816,SM255776
Q4300220,SM254538
Q4300274,SM255871
Q4300428,SM492492
Q4300644,SM493217
Q4301642,SM497025
Q4302528,SM494158
Q4302698,SM461989
Q4310879,SM496497
Q4317274,SM256234
Q4321784,SM250575
Q4327140,SM254900
Q4329218,SM492978
Q4335685,SM256473
Q4336104,SM480790
Q4336129,SM255861
Q4337057,SM495800
Q4337218,SM256495
Q4342349,SM495212
Q4342350,SM495211
Q4342351,SM497010
Q4342939,SM494444
Q4346800,SM496561
Q4348679,SM494896
Q4351953,SM251025
Q4352869,SM486435
Q4354071,SM496974
Q4355125,SM496899
Q4355689,SM494273
Q4356656,SM486494
Q4357542,SM8293
Q4357573,SM257192
Q4357932,SM495727
Q4357983,SM493823
Q4358034,SM250265
Q4359289,SM8125
Q4366373,SM480839
Q4369141,SM480832
Q4371331,SM496942
Q4371336,SM496942
Q4373405,SM494654
Q4375032,SM256068
Q4377212,SM258337
Q4383347,SM256961
Q4383747,SM480268
Q4386404,SM480326
Q4386941,SM257416
Q4387218,SM257067
Q4387376,SM495059
Q4397651,SM256059
Q4400341,SM257213
Q4403372,SM493377
Q4405634,SM480886
Q4408787,SM494374
Q4409235,SM480880
Q4412215,SM455355
Q4412536,SM494491
Q4412611,SM495893
Q4413201,SM495214
Q4416722,SM496996
Q4418073,SM258006
Q4418370,SM486809
Q4421162,SM492830
Q4421193,SM461326
Q4421228,SM496651
Q4428656,SM493871
Q4438870,SM254800
Q4444914,SM450380
Q4445351,SM251108
Q4445582,SM496668
Q4446794,SM496671
Q4449526,SM257849
Q4449646,SM257853
Q4449695,SM257869
Q4449696,SM257869
Q4450068,SM486520
Q4451105,SM254905
Q4452117,SM492940
Q4452326,SM258225
Q4452557,SM486128
Q4453771,SM257863
Q4454121,SM493625
Q4455859,SM494088
Q4456295,SM494418
Q4456359,SM494537
Q4457833,SM496702
Q4458026,SM492886
Q4458350,SM493056
Q4460828,SM492495
Q4464759,SM252129
Q4466165,SM258220
Q4466166,SM494866
Q4466458,SM494875
Q4468164,SM252880
Q4469187,SM495369
Q4469685,SM258337
Q4469695,SM258337
Q4469697,SM258337
Q4469699,SM258337
Q4470272,SM258265
Q4470682,SM496974
Q4476831,SM492765
Q4483033,SM253379
Q4484042,SM256866
Q4493788,SM496744
Q4494782,SM496259
Q4497789,SM481108
Q4498931,SM493546
Q4500299,SM8058
Q4500325,SM8091
Q4501944,SM253911
Q4505404,SM493603
Q4507034,SM250406
Q4507095,SM252790
Q4507341,SM252727
Q4513182,SM497001
Q4517719,SM258428
Q4518744,SM492806
Q4518971,SM250689
Q4524034,SM257560
Q4527327,SM8074
Q4531496,SM251558
Q4532718,SM493193
Q4533136,SM250821
Q4534019,SM494129
Q4540444,SM462034
Q4571328,SM495213
Q4663112,SM493590
Q4664650,SM493321
Q4667609,SM250005
Q4668323,SM252587
Q4669719,SM494744
Q4670539,SM495331
Q4672671,SM493555
Q4675209,SM252848
Q4678061,SM251394
Q4680922,SM459594
Q4682602,SM251404
Q4682604,SM251406
Q4682605,SM251408
Q4683935,SM480117
Q4688840,SM250821
Q4689053,SM494615
Q4689057,SM486529
Q4689218,SM256785
Q4689219,SM256785
Q4689221,SM256785
Q4689222,SM256785
Q4689223,SM496949
Q4689225,SM494614
Q4689696,SM258316
Q4689706,SM494984
Q4689924,SM493463
Q4689999,SM494965
Q4690012,SM494967
Q4690014,SM494969
Q4690023,SM8140
Q4690030,SM494976
Q4690034,SM494970
Q4690070,SM494974
Q4690072,SM494973
Q4690166,SM251433
Q4690173,SM251431
Q4690176,SM462094
Q4690178,SM480223
Q4690180,SM251438
Q4690182,SM253762
Q4690183,SM494989
Q4690185,SM494991
Q4690188,SM494993
Q4690190,SM251440
Q4690191,SM494994
Q4690193,SM7604
Q4690194,SM251436
Q4690197,SM480220
Q4690199,SM480225
Q4690200,SM251429
Q4690204,SM494997
Q4690208,SM494977
Q4690213,SM256221
Q4690217,SM462053
Q4690219,SM306060
Q4690221,SM251442
Q4690858,SM250323
Q4690975,SM495981
Q4691182,SM251445
Q4691327,SM251449
Q4691328,SM251449
Q4691609,SM493723
Q4693728,SM251459
Q4693832,SM492786
Q4693839,SM251460
Q4694429,SM494072
Q4694594,SM251468
Q4694977,SM251471
Q4695070,SM251472
Q4695127,SM252435
Q4695130,SM251474
Q4695137,SM251475
Q4696280,SM495990
Q4696440,SM495991
Q4697177,SM251485
Q4698721,SM458847
Q4699225,SM495995
Q4699267,SM492701
Q4699430,SM251476
Q4699487,SM495963
Q4699737,SM251499
Q4700037,SM494570
Q4700355,SM7940
Q4701345,SM251507
Q4701435,SM251504
Q4701924,SM251515
Q4704504,SM251528
Q4704531,SM495255
Q4705170,SM495876
Q4705595,SM258555
Q4708893,SM251541
Q4709112,SM493940
Q4709118,SM493941
Q4709195,SM496985
Q4709231,SM496985
Q4709232,SM496985
Q4709233,SM496985
Q4712604,SM492785
Q4713185,SM496411
Q4713742,SM454389
Q4724069,SM493891
Q4724108,SM497013
Q4725351,SM493715
Q4740190,SM250029
Q4740888,SM254730
Q4740892,SM495921
Q4740998,SM251572
Q4741048,SM480133
Q4742056,SM250032
Q4742467,SM492674
Q4742839,SM454411
Q4743112,SM495219
Q4744584,SM495220
Q4745454,SM450963
Q4745498,SM496972
Q4745608,SM496972
Q4745629,SM496972
Q4745631,SM496972
Q4745634,SM496972
Q4745635,SM496972
Q4745636,SM496972
Q4745638,SM496972
Q4745641,SM496972
Q4745649,SM495221
Q4748642,SM7727
Q4749576,SM492972
Q4750528,SM250996
Q4750967,SM251599
Q4751002,SM251600
Q4751713,SM492997
Q4752403,SM251602
Q4754312,SM251611
Q4754349,SM493503
Q4761898,SM250558
Q4763604,SM496846
Q4763645,SM494510
Q4763760,SM495864
Q4763763,SM495865
Q4763798,SM496980
Q4763799,SM496980
Q4763800,SM496980
Q4763801,SM496980
Q4764397,SM496019
Q4765759,SM251629
Q4770873,SM481002
Q4774847,SM455302
Q4779115,SM480138
Q4779203,SM492499
Q4780239,SM251660
Q4780828,SM480679
Q4782293,SM494416
Q4782778,SM494721
Q4783129,SM461929
Q4783135,SM251663
Q4783147,SM7581
Q4783159,SM8117
Q4783164,SM495035
Q4783216,SM487833
Q4783241,SM495036
Q4783280,SM495037
Q4783289,SM495038
Q4783294,SM495039
Q4783487,SM495040
Q4783489,SM495041
Q4783492,SM495042
Q4783779,SM251673
Q4784294,SM251683
Q4788249,SM455311
Q4789374,SM493963
Q4789456,SM493964
Q4789496,SM251699
Q4790157,SM480143
Q4790716,SM250848
Q4793155,SM493972
Q4793248,SM493973
Q4793257,SM496876
Q4793304,SM496876
Q4793306,SM496876
Q4793311,SM496876
Q4793312,SM496876
Q4793320,SM496876
Q4793323,SM496876
Q4793325,SM496876
Q4793326,SM496876
Q4793327,SM496876
Q4793331,SM496876
Q4793332,SM496876
Q4793334,SM496876
Q4793335,SM496876
Q4793341,SM496876
Q4793377,SM493230
Q4795589,SM251715
Q4796090,SM495361
Q4802216,SM258414
Q4803502,SM496039
Q4803655,SM251732
Q4805953,SM251748
Q4806588,SM251735
Q4806656,SM480152
Q4806664,SM252189
Q4806687,SM480152
Q4806719,SM7631
Q4806824,SM495060
Q4806825,SM495061
Q4806949,SM492840
Q4807481,SM251751
Q4808399,SM252460
Q4808552,SM480156
Q4810331,SM258219
Q4810428,SM493980
Q4810464,SM493982
Q4810465,SM493981
Q4810467,SM496904
Q4810468,SM496904
Q4810470,SM496904
Q4810471,SM496904
Q4810472,SM496904
Q4810473,SM496904
Q4810477,SM496904
Q4810479,SM496904
Q4810968,SM495669
Q4811101,SM254031
Q4811757,SM495401
Q4811771,SM492811
Q4811899,SM251752
Q4812307,SM256389
Q4812928,SM252401
Q4813009,SM7862
Q4815855,SM251765
Q4817678,SM480587
Q4818117,SM251757
Q4818813,SM251777
Q4820267,SM480162
Q4821600,SM496899
Q4822858,SM486442
Q4823807,SM486459
Q4823916,SM495262
Q4824348,SM495922
Q4824499,SM495263
Q4824528,SM495264
Q4825247,SM496973
Q4825251,SM496973
Q4825255,SM496973
Q4825259,SM496973
Q4825260,SM495261
Q4825261,SM496973
Q4825465,SM493989
Q4825468,SM493990
Q4825530,SM496999
Q4825531,SM496999
Q4827757,SM496046
Q4828149,SM493726
Q4829633,SM255933
Q4829674,SM500661
Q4829787,SM251800
Q4830055,SM250050
Q4830096,SM495345
Q4830127,SM250849
Q4833074,SM487523
Q4833410,SM492501
Q4833495,SM461518
Q4837442,SM494225
Q4837529,SM252138
Q4840890,SM251844
Q4840909,SM251846
Q4841183,SM251856
Q4841317,SM251858
Q4841465,SM251868
Q4841525,SM251879
Q4841561,SM251874
Q4842385,SM495265
Q4842404,SM455307
Q4842525,SM251886
Q4842588,SM251888
Q4843000,SM254041
Q4843158,SM7699
Q4843192,SM251896
Q4843205,SM251897
Q4848487,SM7460
Q4848694,SM258354
Q4848708,SM251908
Q4848727,SM496062
Q4848994,SM250355
Q4849000,SM459211
Q4849017,SM251928
Q4849825,SM251939
Q4849827,SM251940
Q4850016,SM496066
Q4850689,SM494039
Q4850731,SM250936
Q4850828,SM480182
Q4850853,SM251951
Q4851415,SM251961
Q4852430,SM251964
Q4852444,SM251964
Q4852445,SM251964
Q4852739,SM480184
Q4853036,SM251964
Q4853472,SM252141
Q4853785,SM251979
Q4853982,SM251983
Q4854567,SM251992
Q4854732,SM496072
Q4855024,SM252001
Q4855425,SM486462
Q4855428,SM7644
Q4855432,SM495774
Q4855488,SM486439
Q4855489,SM497020
Q4855490,SM497020
Q4855491,SM497020
Q4855492,SM497020
Q4855635,SM462052
Q4855641,SM250569
Q4855694,SM481111
Q4855741,SM252015
Q4855812,SM8506
Q4857101,SM252031
Q4857152,SM252033
Q4857258,SM454501
Q4857267,SM254552
Q4857311,SM257124
Q4857321,SM481028
Q4857323,SM252014
Q4858065,SM252048
Q4858094,SM250357
Q4858204,SM252052
Q4858419,SM252055
Q4858432,SM252048
Q4858560,SM495266
Q4858564,SM486532
Q4858580,SM455309
Q4860067,SM252065
Q4860074,SM252066
Q4860459,SM461934
Q4860581,SM252070
Q4860607,SM252071
Q4860641,SM257252
Q4860686,SM252075
Q4862016,SM252054
Q4862966,SM495878
Q4863067,SM252088
Q4865929,SM494560
Q4865952,SM252098
Q4866175,SM252099
Q4867597,SM252106
Q4867760,SM480196
Q4867764,SM252108
Q4867811,SM252109
Q4867829,SM252110
Q4867848,SM494960
Q4867851,SM494961
Q4867856,SM494962
Q4868533,SM250707
Q4868552,SM250937
Q4872271,SM255648
Q4873376,SM252135
Q4873765,SM252138
Q4874253,SM252148
Q4874527,SM493711
Q4875185,SM251918
Q4876553,SM494496
Q4878029,SM494618
Q4878973,SM252167
Q4879045,SM480202
Q4879262,SM252171
Q4879263,SM252171
Q4879477,SM454489
Q4880931,SM252185
Q4880938,SM252176
Q4881936,SM494024
Q4882110,SM252183
Q4882324,SM494499
Q4882516,SM493464
Q4882995,SM495269
Q4882997,SM252188
Q4884936,SM252196
Q4887067,SM252200
Q4887673,SM494029
Q4887679,SM253898
Q4887701,SM252202
Q4891015,SM8372
Q4894645,SM250096
Q4895351,SM492947
Q4895596,SM8676
Q4896191,SM493338
Q4896199,SM493350
Q4896210,SM465667
Q4896737,SM493868
Q4897065,SM252223
Q4897247,SM493762
Q4897400,SM493429
Q4897514,SM493771
Q4898049,SM496798
Q4898379,SM481104
Q4900488,SM252227
Q4900495,SM252228
Q4900501,SM252295
Q4900907,SM494387
Q4900941,SM252239
Q4900944,SM457916
Q4900953,SM251974
Q4900996,SM494757
Q4901014,SM481038
Q4901018,SM494362
Q4901031,SM252245
Q4901052,SM252244
Q4901075,SM252246
Q4901076,SM252249
Q4901183,SM252250
Q4901259,SM8507
Q4901260,SM252252
Q4901273,SM252254
Q4901285,SM252255
Q4901330,SM252256
Q4901405,SM252261
Q4901410,SM252263
Q4901420,SM254569
Q4901424,SM252265
Q4901431,SM494377
Q4901446,SM494388
Q4901717,SM252281
Q4901730,SM252292
Q4901832,SM252294
Q4901886,SM252297
Q4901988,SM252301
Q4902042,SM460121
Q4902060,SM494289
Q4902103,SM494820
Q4902108,SM252309
Q4902110,SM461230
Q4902150,SM253213
Q4902161,SM252311
Q4902199,SM494004
Q4902210,SM252320
Q4902283,SM252324
Q4902285,SM494670
Q4902590,SM251911
Q4903991,SM493987
Q4904160,SM459065
Q4904604,SM492876
Q4906127,SM496109
Q4906776,SM252335
Q4907093,SM494034
Q4907182,SM480211
Q4907744,SM496111
Q4911552,SM252344
Q4913966,SM252351
Q4914164,SM252356
Q4917197,SM252369
Q4917673,SM496113
Q4919859,SM495072
Q4920851,SM494988
Q4920978,SM495010
Q4921227,SM495007
Q4921389,SM7660
Q4921795,SM7589
Q4921796,SM254643
Q4922420,SM251494
Q4925344,SM493354
Q4938201,SM252398
Q4938422,SM493272
Q4938810,SM8250
Q4939688,SM495861
Q4939689,SM495862
Q4939981,SM496120
Q4940333,SM252146
Q4940337,SM251834
Q4940442,SM252416
Q4945108,SM252434
Q4946192,SM494488
Q4947382,SM252441
Q4947386,SM252441
Q4947387,SM252441
Q4947388,SM252441
Q4947394,SM494035
Q4947399,SM486534
Q4947400,SM494036
Q4948390,SM252443
Q4948757,SM252304
Q4949012,SM492504
Q4950016,SM496847
Q4952234,SM252452
Q4955443,SM252453
Q4955623,SM252493
Q4957854,SM480238
Q4958704,SM494046
Q4958707,SM494047
Q4958712,SM486535
Q4958930,SM497007
Q4958932,SM497007
Q4958935,SM497007
Q4958936,SM497007
Q4958937,SM497007
Q4958939,SM497007
Q4958940,SM497007
Q4958941,SM497007
Q4958943,SM497007
Q4958944,SM494048
Q4958951,SM494777
Q4967114,SM251057
Q4967939,SM496516
Q4968697,SM250154
Q4969065,SM250136
Q4969076,SM252532
Q4969461,SM7591
Q4969468,SM493965
Q4969643,SM495840
Q4969868,SM495761
Q4970102,SM495427
Q4970168,SM486453
Q4970177,SM486455
Q4970234,SM495321
Q4970350,SM493904
Q4970606,SM495816
Q4971093,SM495745
Q4971519,SM496937
Q4971520,SM496937
Q4971522,SM496937
Q4975735,SM480240
Q4978967,SM252508
Q4984004,SM252511
Q4985465,SM495463
Q4986705,SM251835
Q4986853,SM252517
Q4986976,SM252519
Q4988656,SM255620
Q4989843,SM258495
Q4991716,SM496284
Q4996183,SM486464
Q4996184,SM497018
Q4996189,SM486537
Q4996324,SM497018
Q4996325,SM497018
Q4996326,SM497018
Q4996327,SM497018
Q4996328,SM252522
Q4996329,SM497018
Q4996332,SM252522
Q4997287,SM252526
Q4997617,SM459036
Q4997800,SM252535
Q4997893,SM494539
Q4998122,SM458774
Q4999055,SM495171
Q4999416,SM486465
Q4999421,SM494561
Q4999429,SM252548
Q4999452,SM252548
Q4999456,SM496884
Q4999460,SM257178
Q5000714,SM494598
Q5003155,SM480248
Q5003344,SM496135
Q5003667,SM496138
Q5003683,SM250861
Q5011445,SM492743
Q5015262,SM494068
Q5015882,SM252566
Q5016827,SM493146
Q5017422,SM492616
Q5017447,SM480253
Q5021161,SM495712
Q5021366,SM492928
Q5025138,SM486467
Q5025140,SM494075
Q5025156,SM454371
Q5029681,SM486469
Q5029742,SM495168
Q5030913,SM3438
Q5030916,SM3438
Q5030917,SM3438
Q5030918,SM3438
Q5030921,SM3438
Q5030922,SM3438
Q5030923,SM495222
Q5030924,SM486540
Q5030925,SM494199
Q5030926,SM486558
Q5030931,SM486574
Q5030932,SM494931
Q5031141,SM480259
Q5033523,SM461534
Q5035127,SM486466
Q5035134,SM494079
Q5035135,SM494078
Q5035138,SM494080
Q5036095,SM495649
Q5036108,SM494229
Q5037181,SM252596
Q5037580,SM8267
Q5039347,SM495521
Q5039358,SM495522
Q5043011,SM6951
Q5048240,SM492681
Q5048978,SM492505
Q5051210,SM494082
Q5051480,SM492872
Q5055256,SM252629
Q5057793,SM492068
Q5059004,SM492506
Q5066105,SM8845
Q5066409,SM252650
Q5067857,SM252657
Q5068326,SM256057
Q5068349,SM252664
Q5068451,SM252670
Q5069411,SM252684
Q5071233,SM252709
Q5071654,SM254889
Q5073546,SM493563
Q5074161,SM252725
Q5087755,SM252746
Q5088370,SM252751
Q5088778,SM257514
Q5088980,SM493719
Q5089462,SM252839
Q5091774,SM494846
Q5092108,SM252778
Q5093246,SM6051
Q5093988,SM495458
Q5094202,SM252783
Q5094775,SM252721
Q5094777,SM252721
Q5094886,SM252794
Q5094905,SM252795
Q5094916,SM454413
Q5095147,SM494255
Q5096089,SM251838
Q5096266,SM494512
Q5096494,SM252594
Q5097335,SM252761
Q5098723,SM495838
Q5098860,SM496882
Q5099254,SM252808
Q5099734,SM486576
Q5100396,SM495064
Q5100397,SM8165
Q5100627,SM257802
Q5100672,SM495066
Q5100675,SM495067
Q5100808,SM462025
Q5100810,SM496880
Q5100813,SM496880
Q5100862,SM496880
Q5100863,SM496880
Q5100865,SM496880
Q5100866,SM496880
Q5100867,SM496880
Q5100869,SM496880
Q5100871,SM496880
Q5100872,SM252818
Q5100873,SM496880
Q5100874,SM496880
Q5100875,SM496880
Q5100877,SM496880
Q5100878,SM496880
Q5100879,SM496880
Q5100880,SM496880
Q5100881,SM496880
Q5100882,SM496880
Q5100883,SM496880
Q5100884,SM496880
Q5100885,SM480297
Q5100887,SM496880
Q5100889,SM496880
Q5100890,SM496880
Q5100891,SM495074
Q5100892,SM496880
Q5100893,SM495076
Q5100894,SM496880
Q5101912,SM252834
Q5102209,SM494095
Q5102312,SM252846
Q5102351,SM494714
Q5102525,SM495543
Q5103726,SM493335
Q5103730,SM492507
Q5104060,SM492508
Q5104388,SM252860
Q5104720,SM252865
Q5105387,SM252874
Q5105599,SM258415
Q5110571,SM306075
Q5115220,SM252884
Q5115904,SM252886
Q5115969,SM252889
Q5116228,SM252894
Q5116260,SM252897
Q5116515,SM252902
Q5118290,SM252904
Q5119056,SM492995
Q5119239,SM496165
Q5119242,SM496848
Q5120912,SM7453
Q5122395,SM7469
Q5124792,SM462037
Q5124793,SM499718
Q5126922,SM493144
Q5138217,SM494902
Q5139766,SM487376
Q5147919,SM495832
Q5147921,SM486470
Q5147959,SM495835
Q5147989,SM494958
Q5147990,SM495834
Q5150246,SM494616
Q5159766,SM496168
Q5160538,SM495172
Q5160540,SM495710
Q5169380,SM252970
Q5170248,SM493142
Q5171801,SM495413
Q5171804,SM495414
Q5172105,SM492510
Q5172357,SM492602
Q5174665,SM254938
Q5174695,SM480346
Q5174946,SM8131
Q5183856,SM492511
Q5184219,SM495421
Q5187093,SM494131
Q5187097,SM494134
Q5187237,SM496941
Q5192084,SM496946
Q5192734,SM252977
Q5192813,SM496173
Q5195914,SM495674
Q5196265,SM494256
Q5197116,SM252988
Q5199871,SM492794
Q5200406,SM495759
Q5201007,SM496849
Q5201739,SM494154
Q5201829,SM494155
Q5207360,SM500163
Q5207466,SM252990
Q5209817,SM253008
Q5210186,SM496175
Q5210784,SM253018
Q5211927,SM496177
Q5215963,SM254869
Q5222450,SM460963
Q5222806,SM492512
Q5223662,SM459082
Q5224030,SM253056
Q5225799,SM256315
Q5226290,SM7184
Q5241911,SM253075
Q5242279,SM495532
Q5244973,SM252400
Q5245765,SM496850
Q5248563,SM7721
Q5251131,SM457913
Q5252197,SM253084
Q5252378,SM253086
Q5252765,SM495462
Q5258119,SM496996
Q5259285,SM253089
Q5261391,SM495652
Q5261659,SM7628
Q5263257,SM492513
Q5264180,SM253103
Q5264182,SM253103
Q5264234,SM253104
Q5266420,SM253109
Q5266496,SM253110
Q5268056,SM258671
Q5268686,SM253120
Q5268793,SM501665
Q5269195,SM253143
Q5269554,SM253153
Q5269562,SM253156
Q5269656,SM253160
Q5269707,SM252278
Q5272275,SM253177
Q5275260,SM487080
Q5275371,SM256607
Q5275603,SM493152
Q5276527,SM257083
Q5276576,SM253192
Q5276697,SM480343
Q5277171,SM254257
Q5277174,SM493764
Q5277986,SM492837
Q5285079,SM253195
Q5285188,SM459181
Q5285246,SM459088
Q5285273,SM458907
Q5286558,SM496193
Q5288001,SM253212
Q5288074,SM493559
Q5289475,SM492719
Q5289775,SM253027
Q5289919,SM253223
Q5290725,SM486476
Q5295992,SM496195
Q5296999,SM253253
Q5301140,SM480351
Q5310650,SM493886
Q5311551,SM494935
Q5312490,SM8858
Q5312514,SM253255
Q5313971,SM496198
Q5315196,SM458429
Q5315221,SM253268
Q5316802,SM253175
Q5316851,SM253275
Q5317259,SM494169
Q5317365,SM494170
Q5317460,SM496991
Q5327750,SM486429
Q5328642,SM496204
Q5330441,SM494745
Q5332860,SM493879
Q5334370,SM495829
Q5334418,SM495830
Q5335765,SM7955
Q5347704,SM253296
Q5348373,SM486478
Q5348382,SM495195
Q5348386,SM495197
Q5348523,SM497014
Q5348524,SM495196
Q5349002,SM492514
Q5350386,SM7464
Q5350558,SM253308
Q5356966,SM495179
Q5358808,SM251132
Q5358897,SM251390
Q5359368,SM252757
Q5359465,SM252591
Q5359586,SM454416
Q5359703,SM496156
Q5359985,SM250353
Q5360390,SM252926
Q5360579,SM6675
Q5360581,SM8191
Q5360868,SM256891
Q5361158,SM8598
Q5361207,SM496275
Q5361321,SM496209
Q5361344,SM480505
Q5361615,SM252961
Q5363631,SM258080
Q5364067,SM496912
Q5366110,SM493343
Q5367922,SM494091
Q5368429,SM253317
Q5368795,SM487594
Q5372587,SM495256
Q5372591,SM454423
Q5374230,SM486500
Q5377594,SM450530
Q5378170,SM494057
Q5378198,SM494058
Q5378205,SM494059
Q5378614,SM496936
Q5379255,SM496214
Q5382876,SM492515
Q5385293,SM492516
Q5385613,SM496216
Q5393915,SM497023
Q5395673,SM493962
Q5396078,SM494116
Q5398452,SM496895
Q5401529,SM486479
Q5401539,SM494181
Q5403534,SM486480
Q5403535,SM495236
Q5403657,SM496956
Q5404165,SM7560
Q5404171,SM493839
Q5404174,SM497004
Q5404206,SM455338
Q5404217,SM450345
Q5404320,SM254044
Q5408461,SM493053
Q5408582,SM493104
Q5410194,SM494934
Q5412004,SM495143
Q5413525,SM258588
Q5413717,SM495083
Q5415293,SM454531
Q5419035,SM494841
Q5423090,SM253357
Q5428944,SM495693
Q5434461,SM253359
Q5436088,SM495436
Q5446183,SM250711
Q5448186,SM495273
Q5448582,SM486543
Q5448600,SM495757
Q5448601,SM495755
Q5448617,SM495144
Q5448620,SM496989
Q5448631,SM496989
Q5448632,SM496989
Q5448634,SM496989
Q5448635,SM496989
Q5448636,SM480042
Q5448637,SM496989
Q5448638,SM496989
Q5448639,SM496989
Q5448641,SM496989
Q5448642,SM496989
Q5448643,SM496989
Q5448644,SM496989
Q5448645,SM496989
Q5448647,SM496989
Q5448648,SM496989
Q5448649,SM496989
Q5448650,SM496989
Q5448651,SM496989
Q5448653,SM496989
Q5448654,SM496989
Q5448655,SM496989
Q5448656,SM496989
Q5448657,SM496989
Q5448658,SM496989
Q5448660,SM496989
Q5448661,SM496989
Q5448663,SM496989
Q5448664,SM496989
Q5448665,SM496989
Q5448666,SM496989
Q5450761,SM486544
Q5453438,SM492662
Q5465034,SM496220
Q5470818,SM254733
Q5471383,SM494530
Q5472034,SM493960
Q5473267,SM7524
Q5475909,SM493004
Q5500267,SM487333
Q5501682,SM486440
Q5501705,SM486482
Q5501711,SM494205
Q5501859,SM494206
Q5501869,SM494207
Q5501949,SM494202
Q5502256,SM496911
Q5502306,SM496911
Q5504610,SM495597
Q5504695,SM495762
Q5507771,SM250640
Q5508380,SM250385
Q5509183,SM454538
Q5509809,SM492517
Q5515414,SM253406
Q5515436,SM480183
Q5516299,SM253410
Q5516337,SM253410
Q5516377,SM253419
Q5516468,SM253424
Q5517667,SM253434
Q5517776,SM492882
Q5519578,SM493572
Q5520438,SM493538
Q5520475,SM253453
Q5520607,SM492518
Q5520610,SM253460
Q5520662,SM492070
Q5520808,SM493933
Q5521060,SM253470
Q5521308,SM253479
Q5522669,SM494703
Q5523226,SM253497
Q5523254,SM253499
Q5523780,SM253488
Q5523820,SM251089
Q5527649,SM494182
Q5527725,SM253519
Q5527726,SM253672
Q5527887,SM253522
Q5528007,SM459608
Q5528345,SM258662
Q5528989,SM493779
Q5529339,SM496229
Q5529363,SM496230
Q5529672,SM250251
Q5533878,SM495535
Q5547994,SM486424
Q5548117,SM496890
Q5548127,SM496890
Q5548133,SM461488
Q5548137,SM496890
Q5551078,SM493843
Q5551167,SM496916
Q5551300,SM496916
Q5551426,SM496916
Q5551468,SM496916
Q5551985,SM496916
Q5551989,SM496916
Q5551991,SM496916
Q5551992,SM496916
Q5552895,SM496567
Q5555229,SM253544
Q5555260,SM253545
Q5555302,SM459716
Q5555460,SM486483
Q5555462,SM495102
Q5555478,SM496921
Q5555481,SM493895
Q5555525,SM500250
Q5555527,SM253548
Q5555779,SM494809
Q5555830,SM253557
Q5555908,SM253559
Q5556097,SM494492
Q5556740,SM253563
Q5556996,SM460800
Q5557471,SM494445
Q5557689,SM7724
Q5559236,SM486771
Q5560373,SM253561
Q5564095,SM496236
Q5564119,SM459046
Q5575213,SM493978
Q5575239,SM493498
Q5576612,SM253602
Q5577422,SM253612
Q5578420,SM457106
Q5580806,SM258663
Q5580846,SM496242
Q5581088,SM253629
Q5584250,SM253649
Q5586165,SM458210
Q5586534,SM253658
Q5588137,SM253688
Q5590002,SM253677
Q5601741,SM494230
Q5601752,SM486548
Q5602052,SM496913
Q5602075,SM496913
Q5602078,SM492520
Q5602081,SM496913
Q5602082,SM494232
Q5602083,SM480040
Q5602085,SM253682
Q5602086,SM496913
Q5602089,SM253682
Q5602091,SM253682
Q5602092,SM496913
Q5602093,SM496913
Q5602094,SM496913
Q5602098,SM253682
Q5602101,SM496913
Q5602103,SM496913
Q5602104,SM496913
Q5602108,SM496913
Q5602111,SM496913
Q5602113,SM496913
Q5602114,SM496913
Q5602116,SM487160
Q5602117,SM496913
Q5602121,SM496913
Q5604727,SM495728
Q5607408,SM495276
Q5607427,SM495277
Q5609155,SM493306
Q5609471,SM494925
Q5609485,SM253685
Q5613610,SM251032
Q5614258,SM486484
Q5614613,SM253719
Q5616494,SM493913
Q5616900,SM256627
Q5617039,SM493486
Q5617040,SM494747
Q5617352,SM250273
Q5617663,SM459050
Q5617920,SM7725
Q5619893,SM8159
Q5620042,SM493435
Q5622783,SM495278
Q5622785,SM495281
Q5622802,SM495280
Q5623277,SM253596
Q5623601,SM494436
Q5624044,SM252155
Q5636649,SM250710
Q5636694,SM494173
Q5637625,SM493309
Q5637872,SM250724
Q5637910,SM495148
Q5637911,SM253775
Q5638859,SM6058
Q5639387,SM253778
Q5639720,SM454405
Q5640266,SM253783
Q5641069,SM253788
Q5641116,SM253792
Q5641483,SM253798
Q5642488,SM495495
Q5643781,SM253806
Q5644173,SM492522
Q5647766,SM253815
Q5648229,SM253818
Q5655029,SM496478
Q5658253,SM496262
Q5672081,SM495631
Q5672945,SM492860
Q5675285,SM250453
Q5676227,SM253846
Q5677550,SM496900
Q5678605,SM250363
Q5681683,SM253856
Q5684129,SM253867
Q5684688,SM253869
Q5687321,SM450426
Q5690749,SM492525
Q5695521,SM494098
Q5695583,SM496265
Q5696724,SM496010
Q5698306,SM253874
Q5710073,SM492760
Q5710932,SM495593
Q5714598,SM480168
Q5725477,SM493728
Q5727350,SM495520
Q5738543,SM492937
Q5738560,SM8255
Q5742729,SM257596
Q5746999,SM250269
Q5748347,SM253885
Q5758081,SM494214
Q5764101,SM252979
Q5765445,SM494459
Q5766028,SM252799
Q5766070,SM253896
Q5766295,SM461070
Q5767172,SM252864
Q5767174,SM253900
Q5767176,SM253901
Q5767417,SM256402
Q5772700,SM493474
Q5772873,SM487069
Q5790660,SM496900
Q5799878,SM496894
Q5801550,SM493083
Q5814943,SM492668
Q5850108,SM256680
Q5869672,SM480492
Q5869798,SM480496
Q5873575,SM251115
Q5874270,SM253912
Q5882570,SM493729
Q5887347,SM496851
Q5891764,SM495651
Q5892930,SM486486
Q5894222,SM495558
Q5894252,SM495559
Q5894321,SM495561
Q5895400,SM495560
Q5897546,SM494389
Q5897697,SM255264
Q5898224,SM495643
Q5904886,SM251890
Q5916367,SM497007
Q5916370,SM497007
Q5916382,SM496937
Q5916393,SM496905
Q5916399,SM496882
Q5916409,SM497002
Q5916433,SM496997
Q5916438,SM496997
Q5916459,SM496900
Q5916462,SM496900
Q5916471,SM494784
Q5916485,SM496900
Q5916490,SM496900
Q5916492,SM496900
Q5916497,SM494787
Q5916500,SM496900
Q5916503,SM496972
Q5916524,SM257180
Q5916536,SM480370
Q5916551,SM496877
Q5916572,SM496895
Q5916587,SM496895
Q5916592,SM496895
Q5916614,SM496992
Q5916617,SM495821
Q5916631,SM494656
Q5916640,SM494694
Q5916670,SM496899
Q5916678,SM495813
Q5922887,SM253916
Q5923419,SM253936
Q5931869,SM480147
Q5941890,SM499687
Q5945746,SM494637
Q5945855,SM492665
Q5946834,SM253963
Q5948733,SM258552
Q5949896,SM7735
Q5950778,SM253965
Q5952809,SM496886
Q5952900,SM492153
Q5954203,SM480504
Q5961059,SM250399
Q5961545,SM495640
Q5968977,SM255211
Q5969490,SM496393
Q5969607,SM255172
Q5969646,SM255174
Q5973533,SM496405
Q5973536,SM496886
Q5973830,SM255230
Q5976486,SM250433
Q5977211,SM496007
Q5978385,SM255294
Q5980336,SM492527
Q5983682,SM8504
Q5983733,SM450322
Q5984360,SM251512
Q5985741,SM495282
Q5985756,SM486551
Q5985855,SM495216
Q5987573,SM493733
Q5988748,SM253977
Q5989857,SM493678
Q5990255,SM493730
Q5991252,SM496276
Q5991565,SM493758
Q5991575,SM493757
Q5991594,SM250597
Q5991621,SM8030
Q5995287,SM250887
Q5996444,SM450592
Q5996946,SM253995
Q5997258,SM253998
Q5998799,SM254080
Q6007936,SM7757
Q6011515,SM255748
Q6012171,SM8048
Q6013402,SM495879
Q6013982,SM8286
Q6018798,SM252587
Q6020361,SM493436
Q6021945,SM495130
Q6022567,SM495107
Q6022815,SM495105
Q6024052,SM495287
Q6024054,SM495425
Q6024057,SM495092
Q6024062,SM495095
Q6024065,SM495096
Q6024070,SM495093
Q6024082,SM495099
Q6024084,SM495097
Q6024087,SM495431
Q6024091,SM495120
Q6024095,SM251112
Q6024102,SM7651
Q6024104,SM495123
Q6024107,SM495124
Q6024110,SM495121
Q6024114,SM495126
Q6024116,SM7652
Q6024119,SM495288
Q6024123,SM495133
Q6024126,SM495132
Q6024130,SM495109
Q6024138,SM495112
Q6024143,SM450956
Q6024146,SM257624
Q6024150,SM495113
Q6024153,SM493437
Q6024156,SM258260
Q6024159,SM495114
Q6024165,SM480366
Q6024171,SM480362
Q6024174,SM7665
Q6024630,SM493699
Q6024701,SM492530
Q6024707,SM492531
Q6024708,SM492532
Q6024712,SM495751
Q6025444,SM495432
Q6025447,SM480371
Q6025491,SM495433
Q6025514,SM254120
Q6025558,SM496286
Q6025584,SM254014
Q6026309,SM496975
Q6027136,SM496288
Q6032415,SM250240
Q6034885,SM253538
Q6034912,SM480719
Q6037844,SM253763
Q6047207,SM496527
Q6047578,SM257973
Q6048482,SM480780
Q6063549,SM495715
Q6067224,SM494283
Q6067288,SM495290
Q6067528,SM496926
Q6067536,SM496926
Q6067547,SM496926
Q6067967,SM494287
Q6067976,SM486554
Q6068195,SM496925
Q6068199,SM496925
Q6068204,SM496925
Q6068210,SM496925
Q6068217,SM496925
Q6068224,SM496925
Q6070451,SM494303
Q6071606,SM254021
Q6071674,SM254053
Q6071699,SM496898
Q6071704,SM496898
Q6075721,SM496577
Q6075727,SM494853
Q6077527,SM493735
Q6078461,SM258416
Q6078806,SM8468
Q6082045,SM480703
Q6084310,SM495406
Q6087487,SM494307
Q6087511,SM494308
Q6087689,SM496922
Q6089050,SM494312
Q6089446,SM254072
Q6090997,SM492654
Q6091026,SM450395
Q6091085,SM480456
Q6092933,SM494325
Q6094161,SM480472
Q6099572,SM493894
Q6101045,SM8838
Q6101243,SM496291
Q6103181,SM450575
Q6105755,SM493654
Q6110247,SM496202
Q6112239,SM494854
Q6116667,SM252647
Q6116861,SM496619
Q6121166,SM460972
Q6121189,SM254084
Q6121206,SM6916
Q6121417,SM254086
Q6122670,SM255583
Q6123999,SM493507
Q6127409,SM486492
Q6127413,SM486427
Q6127426,SM495589
Q6127428,SM492534
Q6127469,SM454429
Q6127473,SM497003
Q6127476,SM254117
Q6127667,SM494008
Q6135456,SM257779
Q6142093,SM257995
Q6147003,SM258088
Q6147377,SM496703
Q6151129,SM496714
Q6152328,SM7500
Q6155238,SM254142
Q6155406,SM480136
Q6158111,SM494338
Q6158123,SM493975
Q6158127,SM494339
Q6158140,SM494341
Q6158146,SM494342
Q6158160,SM494343
Q6158162,SM494344
Q6158274,SM494348
Q6158325,SM494350
Q6158330,SM494351
Q6158431,SM486456
Q6158593,SM496886
Q6158597,SM496886
Q6158816,SM496886
Q6158818,SM496886
Q6158927,SM496886
Q6158929,SM496886
Q6158933,SM496886
Q6158937,SM496886
Q6158939,SM496886
Q6158942,SM496886
Q6158944,SM496886
Q6158946,SM496886
Q6159020,SM496886
Q6159024,SM496886
Q6159031,SM496886
Q6159032,SM496886
Q6159033,SM496886
Q6159347,SM495873
Q6160948,SM480484
Q6161290,SM494493
Q6164458,SM457910
Q6164497,SM254156
Q6164513,SM252686
Q6164690,SM254158
Q6164691,SM8517
Q6164703,SM254155
Q6166119,SM495481
Q6166227,SM254167
Q6172543,SM494161
Q6177350,SM494101
Q6180024,SM255092
Q6188231,SM487332
Q6189039,SM6893
Q6189800,SM495419
Q6190027,SM480497
Q6190736,SM254178
Q6190778,SM254180
Q6191089,SM254507
Q6191104,SM254193
Q6191999,SM254195
Q6192039,SM253886
Q6192180,SM250331
Q6203027,SM254206
Q6203522,SM496298
Q6214782,SM254210
Q6271068,SM496942
Q6277223,SM494369
Q6277233,SM494370
Q6303738,SM487203
Q6304845,SM493439
Q6305596,SM254232
Q6310986,SM250458
Q6314712,SM496856
Q6314719,SM496302
Q6314728,SM7697
Q6319086,SM494286
Q6321202,SM495117
Q6322485,SM252942
Q6343264,SM257849
Q6343907,SM254241
Q6344244,SM254247
Q6344288,SM493736
Q6344655,SM254267
Q6344735,SM254268
Q6345637,SM254276
Q6345724,SM487270
Q6346302,SM493881
Q6347292,SM254285
Q6347759,SM254292
Q6349187,SM494704
Q6349241,SM480518
Q6349308,SM494426
Q6349330,SM480519
Q6349604,SM7450
Q6349955,SM495399
Q6351763,SM254320
Q6351844,SM494673
Q6352193,SM496316
Q6353241,SM254328
Q6353581,SM254331
Q6354566,SM7452
Q6354583,SM254339
Q6354615,SM487251
Q6354800,SM254340
Q6355857,SM254347
Q6356373,SM252794
Q6356379,SM254359
Q6358827,SM254365
Q6361417,SM254388
Q6362061,SM254391
Q6362381,SM7716
Q6362766,SM254400
Q6362821,SM257750
Q6362916,SM253477
Q6363192,SM254405
Q6364266,SM7518
Q6365797,SM254426
Q6367571,SM250348
Q6367852,SM254447
Q6367885,SM494417
Q6368413,SM254457
Q6370318,SM254471
Q6370434,SM252604
Q6371320,SM254478
Q6372470,SM481128
Q6372697,SM254480
Q6373793,SM493479
Q6374457,SM6662
Q6374985,SM494587
Q6375095,SM254519
Q6377683,SM250352
Q6378387,SM254542
Q6378407,SM8611
Q6378913,SM493934
Q6379270,SM254552
Q6379518,SM254555
Q6383580,SM494583
Q6385336,SM493188
Q6385412,SM254591
Q6385552,SM250354
Q6385553,SM450763
Q6388965,SM8404
Q6392846,SM493897
Q6392902,SM493899
Q6393359,SM257668
Q6393566,SM250712
Q6393993,SM494280
Q6394883,SM254614
Q6395364,SM255736
Q6398852,SM254620
Q6398866,SM254621
Q6398952,SM492538
Q6398973,SM254624
Q6399630,SM254632
Q6400230,SM254647
Q6400234,SM254648
Q6400362,SM254654
Q6400410,SM254656
Q6400558,SM254661
Q6400560,SM487197
Q6400622,SM494810
Q6400662,SM254664
Q6400733,SM254666
Q6400737,SM254667
Q6400903,SM254684
Q6400966,SM254688
Q6401094,SM251978
Q6401295,SM496340
Q6401547,SM254892
Q6402026,SM254711
Q6402076,SM496341
Q6402375,SM496342
Q6402489,SM494100
Q6402673,SM252848
Q6403455,SM496858
Q6403471,SM254726
Q6404128,SM493778
Q6404281,SM494394
Q6408031,SM462039
Q6408264,SM254743
Q6410252,SM253584
Q6410681,SM493887
Q6412632,SM7471
Q6414845,SM254760
Q6414861,SM494455
Q6415329,SM252609
Q6416372,SM4201
Q6416390,SM494465
Q6416403,SM254766
Q6416411,SM496860
Q6416685,SM250371
Q6417841,SM254770
Q6418904,SM252113
Q6421437,SM254776
Q6421523,SM6046
Q6424101,SM480567
Q6425058,SM496347
Q6425157,SM254785
Q6425743,SM254794
Q6425806,SM254796
Q6426050,SM254799
Q6426968,SM496352
Q6427160,SM254818
Q6427474,SM450313
Q6428018,SM494588
Q6428020,SM254840
Q6428028,SM450646
Q6428164,SM254842
Q6428193,SM258462
Q6428781,SM254855
Q6429230,SM496354
Q6429271,SM459617
Q6429315,SM254879
Q6429387,SM496355
Q6429629,SM250378
Q6430648,SM258484
Q6430754,SM254912
Q6431299,SM254917
Q6431329,SM254918
Q6431801,SM494406
Q6431819,SM496915
Q6431891,SM494409
Q6431993,SM454401
Q6432053,SM496915
Q6432055,SM496915
Q6432058,SM496915
Q6432059,SM496915
Q6432060,SM496915
Q6432061,SM496915
Q6432063,SM496915
Q6432064,SM496915
Q6432065,SM496915
Q6432066,SM496915
Q6432067,SM496915
Q6432068,SM496915
Q6432069,SM496915
Q6432072,SM496915
Q6432074,SM496915
Q6432076,SM496915
Q6432077,SM496915
Q6432078,SM496915
Q6432079,SM496915
Q6432081,SM496915
Q6432082,SM496915
Q6432083,SM496915
Q6432147,SM253654
Q6432766,SM250386
Q6432788,SM254930
Q6433160,SM254935
Q6433338,SM495869
Q6433345,SM497090
Q6433787,SM254941
Q6434395,SM254955
Q6434869,SM496359
Q6435112,SM254959
Q6436795,SM250389
Q6437087,SM493681
Q6438924,SM454537
Q6441341,SM251598
Q6441362,SM255888
Q6441571,SM496365
Q6441634,SM493292
Q6442261,SM255003
Q6442484,SM255005
Q6442586,SM255008
Q6442717,SM255010
Q6442947,SM255014
Q6442952,SM495729
Q6443009,SM495722
Q6443078,SM7138
Q6443181,SM494811
Q6443301,SM255020
Q6443367,SM487524
Q6443688,SM255033
Q6443766,SM255035
Q6443818,SM255037
Q6444190,SM493536
Q6444206,SM256793
Q6444229,SM255055
Q6444333,SM495466
Q6445737,SM494427
Q6445813,SM496894
Q6445814,SM496894
Q6445817,SM496894
Q6445823,SM496894
Q6445824,SM496894
Q6445988,SM255073
Q6446183,SM255078
Q6446495,SM253750
Q6446790,SM480390
Q6447182,SM255072
Q6448103,SM460305
Q6448319,SM495169
Q6448359,SM494511
Q6448380,SM8531
Q6448393,SM250397
Q6448637,SM255113
Q6449996,SM255122
Q6450249,SM250400
Q6450269,SM255136
Q6450409,SM8452
Q6450474,SM255139
Q6450505,SM255022
Q6452364,SM255142
Q6454284,SM254410
Q6464514,SM495718
Q6464552,SM493627
Q6467824,SM493270
Q6468319,SM496388
Q6468629,SM494629
Q6471409,SM255967
Q6471714,SM496389
Q6471771,SM494533
Q6471976,SM255153
Q6472732,SM492721
Q6473173,SM7730
Q6473719,SM454414
Q6479546,SM255168
Q6479675,SM492539
Q6480443,SM494019
Q6480778,SM255197
Q6482155,SM496397
Q6486053,SM255183
Q6486389,SM250417
Q6487290,SM255188
Q6487815,SM496399
Q6488006,SM486425
Q6488008,SM495293
Q6488024,SM496968
Q6489790,SM255196
Q6492656,SM257719
Q6496200,SM495767
Q6496280,SM495768
Q6497193,SM496400
Q6497327,SM495295
Q6497331,SM486560
Q6501380,SM455314
Q6502330,SM255143
Q6503570,SM493682
Q6510842,SM486426
Q6510864,SM495176
Q6510870,SM495177
Q6510897,SM495180
Q6510991,SM496885
Q6510996,SM496885
Q6511004,SM496885
Q6511005,SM496885
Q6511006,SM496885
Q6511007,SM495188
Q6511009,SM496885
Q6521037,SM492874
Q6521141,SM251444
Q6526274,SM487116
Q6529576,SM252336
Q6539392,SM494821
Q6541114,SM486495
Q6542849,SM486496
Q6549413,SM492540
Q6558755,SM496410
Q6558861,SM250539
Q6575630,SM254364
Q6576621,SM493345
Q6576640,SM496923
Q6619044,SM455341
Q6632466,SM253847
Q6639918,SM496696
Q6648508,SM496970
Q6648515,SM496970
Q6652336,SM494599
Q6666355,SM493487
Q6666357,SM255286
Q6666399,SM255284
Q6667747,SM250436
Q6667816,SM7712
Q6668044,SM450422
Q6668061,SM255720
Q6671938,SM6034
Q6674021,SM493999
Q6674616,SM255304
Q6676063,SM480363
Q6676082,SM496926
Q6681147,SM496418
Q6681536,SM255306
Q6682646,SM494144
Q6688140,SM258337
Q6693645,SM495698
Q6694966,SM8471
Q6698134,SM496420
Q6702954,SM256450
Q6704050,SM494009
Q6705204,SM480597
Q6706213,SM495743
Q6710568,SM493358
Q6711013,SM252275
Q6717185,SM494103
Q6721059,SM493873
Q6721143,SM255594
Q6721658,SM459313
Q6723108,SM486498
Q6723113,SM494471
Q6723114,SM494473
Q6723187,SM497004
Q6723190,SM497004
Q6723191,SM497004
Q6723192,SM255339
Q6723195,SM497004
Q6723199,SM497004
Q6723201,SM497004
Q6723202,SM497004
Q6723204,SM497004
Q6723205,SM497004
Q6725180,SM492100
Q6726508,SM500234
Q6727713,SM255355
Q6728750,SM492643
Q6730382,SM257091
Q6730438,SM495962
Q6732824,SM255380
Q6732936,SM255403
Q6733150,SM255383
Q6733181,SM494710
Q6733386,SM255388
Q6733594,SM254826
Q6733597,SM255394
Q6733951,SM255397
Q6734938,SM496426
Q6735009,SM255411
Q6735061,SM255413
Q6736664,SM6675
Q6737115,SM255425
Q6737782,SM255431
Q6737987,SM493499
Q6738758,SM493820
Q6740064,SM255448
Q6740572,SM255450
Q6740636,SM255451
Q6740675,SM255452
Q6741425,SM496430
Q6741486,SM493901
Q6741539,SM493304
Q6741589,SM494476
Q6741590,SM252472
Q6741639,SM255475
Q6741673,SM255728
Q6741676,SM494503
Q6741684,SM480179
Q6741939,SM495225
Q6741944,SM495226
Q6742074,SM497012
Q6742075,SM497012
Q6742869,SM497000
Q6742871,SM497000
Q6742872,SM497000
Q6743256,SM255490
Q6743271,SM255467
Q6743325,SM255492
Q6743621,SM255495
Q6743625,SM496432
Q6743881,SM496433
Q6744018,SM255499
Q6744780,SM494482
Q6744886,SM497048
Q6747710,SM306066
Q6747784,SM255530
Q6748086,SM6023
Q6748132,SM494226
Q6748253,SM255373
Q6748367,SM6024
Q6748566,SM251095
Q6748570,SM255645
Q6748701,SM500223
Q6748733,SM494485
Q6749120,SM255549
Q6749842,SM255718
Q6749844,SM255719
Q6750478,SM255560
Q6750549,SM250914
Q6750739,SM255563
Q6751774,SM480671
Q6751783,SM255575
Q6751826,SM255576
Q6753214,SM480621
Q6753402,SM250899
Q6753441,SM493628
Q6753616,SM492944
Q6754529,SM255589
Q6754540,SM495151
Q6754566,SM5281
Q6754624,SM496442
Q6754637,SM255288
Q6754703,SM454507
Q6754725,SM256064
Q6754733,SM259945
Q6754863,SM250482
Q6754981,SM493510
Q6762088,SM492542
Q6764394,SM256065
Q6766579,SM7010
Q6766759,SM493679
Q6772824,SM255606
Q6777277,SM480624
Q6777902,SM255346
Q6782274,SM250485
Q6782825,SM255636
Q6782869,SM255637
Q6786193,SM494660
Q6786352,SM487587
Q6787348,SM7021
Q6787435,SM492986
Q6787446,SM496449
Q6789629,SM493566
Q6792579,SM251043
Q6792792,SM250040
Q6793734,SM497026
Q6793748,SM250840
Q6793779,SM493903
Q6794091,SM255836
Q6797100,SM492543
Q6799576,SM255691
Q6799708,SM255686
Q6799721,SM461329
Q6803100,SM255698
Q6804450,SM254259
Q6804734,SM494398
Q6804954,SM492689
Q6809094,SM255708
Q6809883,SM487338
Q6811212,SM493148
Q6811505,SM492544
Q6813190,SM255942
Q6815296,SM255730
Q6815301,SM255730
Q6817952,SM255742
Q6821118,SM454536
Q6822303,SM460410
Q6826125,SM496895
Q6826131,SM495460
Q6826136,SM8281
Q6826564,SM493750
Q6826833,SM7424
Q6827436,SM494509
Q6827674,SM255767
Q6834790,SM252848
Q6841375,SM495563
Q6842107,SM494642
Q6843971,SM496471
Q6845488,SM255803
Q6858087,SM8517
Q6859564,SM496624
Q6864907,SM255550
Q6868951,SM8449
Q6869724,SM255789
Q6872901,SM255792
Q6873074,SM255793
Q6874714,SM255797
Q6878624,SM496861
Q6879061,SM494102
Q6879272,SM493266
Q6880480,SM255807
Q6881529,SM255770
Q6882954,SM250770
Q6883860,SM255820
Q6883863,SM493397
Q6884363,SM255826
Q6886439,SM255835
Q6887554,SM252694
Q6887559,SM494085
Q6887862,SM255840
Q6889284,SM495160
Q6889563,SM494514
Q6890376,SM7959
Q6890394,SM257091
Q6890460,SM255852
Q6893688,SM255858
Q6894116,SM480664
Q6894521,SM255865
Q6895223,SM255868
Q6896097,SM255872
Q6897286,SM255875
Q6899035,SM255882
Q6899538,SM493882
Q6899636,SM494528
Q6899637,SM494529
Q6899737,SM497025
Q6899741,SM497025
Q6899743,SM497025
Q6901295,SM461990
Q6902494,SM256066
Q6905146,SM486499
Q6905148,SM494534
Q6905149,SM494535
Q6905199,SM255894
Q6906614,SM495549
Q6908361,SM494399
Q6908728,SM7477
Q6912174,SM6053
Q6913070,SM454541
Q6913086,SM486444
Q6913088,SM493905
Q6913100,SM493906
Q6913136,SM497006
Q6913144,SM497006
Q6913227,SM496486
Q6913250,SM495877
Q6916262,SM493544
Q6925595,SM480679
Q6931288,SM461332
Q6931826,SM251571
Q6932164,SM255942
Q6932177,SM494011
Q6932716,SM493615
Q6933419,SM497282
Q6933931,SM493500
Q6934088,SM492547
Q6935055,SM487313
Q6935213,SM255968
Q6936044,SM255979
Q6940071,SM256004
Q6940439,SM493580
Q6942867,SM8505
Q6942869,SM257252
Q6942870,SM493482
Q6942883,SM460313
Q6942889,SM457908
Q6942892,SM8511
Q6942900,SM457839
Q6942905,SM457910
Q6942917,SM8521
Q6942918,SM254573
Q6942948,SM257069
Q6942958,SM493492
Q6942972,SM467504
Q6942980,SM493494
Q6943029,SM255721
Q6943056,SM492548
Q6944071,SM494662
Q6944246,SM256024
Q6946332,SM256972
Q6948694,SM492958
Q6949458,SM6025
Q6950152,SM255769
Q6950626,SM494486
Q6957306,SM494248
Q6957328,SM492615
Q6957911,SM6049
Q6958584,SM256081
Q6959100,SM494424
Q6959182,SM256093
Q6959570,SM256103
Q6960074,SM6037
Q6960565,SM493509
Q6960831,SM256120
Q6961208,SM256135
Q6961385,SM256131
Q6961435,SM250950
Q6962438,SM492618
Q6963401,SM496499
Q6964326,SM494555
Q6965187,SM256115
Q6965811,SM495507
Q6965901,SM458189
Q6966603,SM494224
Q6966832,SM493565
Q6967036,SM256170
Q6967234,SM492617
Q6979861,SM496894
Q6981120,SM487488
Q6981254,SM493560
Q6982796,SM493540
Q6982881,SM495773
Q6982894,SM256108
Q6983104,SM7027
Q6983506,SM6045
Q6985458,SM492622
Q6986238,SM494857
Q6986420,SM6054
Q6990864,SM256222
Q6991417,SM496507
Q6994477,SM495545
Q6994481,SM495547
Q6994486,SM486500
Q6994504,SM486500
Q6994505,SM486500
Q6994506,SM455334
Q6994515,SM256010
Q6994536,SM496906
Q6994541,SM496906
Q6994542,SM496906
Q6994543,SM496906
Q6994545,SM496906
Q6994553,SM496906
Q6994554,SM496906
Q6994556,SM496906
Q6994557,SM496906
Q6994559,SM496906
Q6994561,SM496906
Q6994565,SM496906
Q6994568,SM496906
Q6994570,SM496906
Q6994868,SM455362
Q6995251,SM494430
Q7004950,SM480499
Q7015203,SM495300
Q7015349,SM256251
Q7016348,SM495301
Q7021886,SM256260
Q7021903,SM462038
Q7021935,SM258627
Q7021982,SM7422
Q7022133,SM487466
Q7022400,SM250561
Q7022647,SM256287
Q7022676,SM493713
Q7022680,SM250568
Q7023194,SM8252
Q7023204,SM480736
Q7023205,SM481107
Q7023212,SM481014
Q7023216,SM480738
Q7023219,SM480739
Q7023222,SM480740
Q7023224,SM487484
Q7023233,SM487184
Q7023235,SM480744
Q7023237,SM487417
Q7023242,SM487470
Q7023244,SM480747
Q7023258,SM480750
Q7023259,SM487460
Q7023267,SM487463
Q7023276,SM487456
Q7023277,SM480752
Q7023279,SM487455
Q7023286,SM487453
Q7023290,SM480756
Q7023291,SM480758
Q7023294,SM480759
Q7024433,SM486501
Q7032863,SM486502
Q7033067,SM496958
Q7040225,SM256323
Q7042399,SM495381
Q7042623,SM256338
Q7043335,SM487211
Q7046673,SM256345
Q7048443,SM7105
Q7048763,SM494895
Q7049107,SM496906
Q7049766,SM254587
Q7049995,SM256360
Q7053506,SM495455
Q7053671,SM495228
Q7054367,SM257193
Q7059106,SM494897
Q7059423,SM256364
Q7061005,SM494579
Q7061076,SM486503
Q7061175,SM486503
Q7061268,SM494581
Q7061314,SM494905
Q7061432,SM494279
Q7064296,SM486944
Q7067573,SM250414
Q7067814,SM480772
Q7068903,SM458683
Q7069729,SM256388
Q7070687,SM487153
Q7070801,SM256404
Q7070858,SM493688
Q7070890,SM256407
Q7070891,SM256408
Q7070899,SM496528
Q7070922,SM250537
Q7071108,SM256417
Q7071112,SM250934
Q7071115,SM250615
Q7071228,SM259946
Q7074783,SM256422
Q7075271,SM251616
Q7075314,SM493890
Q7078676,SM493162
Q7079866,SM256430
Q7079875,SM493737
Q7079985,SM496536
Q7080274,SM256434
Q7081875,SM495699
Q7081933,SM492729
Q7081958,SM495697
Q7082552,SM250958
Q7082791,SM492549
Q7084619,SM7987
Q7087659,SM251307
Q7093666,SM256460
Q7099348,SM492550
Q7099460,SM487514
Q7099464,SM8371
Q7099467,SM496670
Q7102895,SM256479
Q7103747,SM496540
Q7103754,SM256486
Q7103776,SM256489
Q7107088,SM493776
Q7107420,SM256501
Q7107437,SM492551
Q7108582,SM251836
Q7108926,SM494597
Q7123207,SM494551
Q7123239,SM250585
Q7123729,SM7100
Q7123730,SM256603
Q7124032,SM494378
Q7124116,SM492855
Q7124620,SM496547
Q7125803,SM495210
Q7125804,SM486565
Q7125809,SM495945
Q7125816,SM497010
Q7125930,SM497010
Q7125931,SM497010
Q7125932,SM497010
Q7125933,SM497010
Q7125934,SM497010
Q7125935,SM497010
Q7125936,SM497010
Q7125937,SM497010
Q7125939,SM497010
Q7125940,SM497010
Q7125941,SM497010
Q7125943,SM497010
Q7125944,SM497010
Q7125945,SM497010
Q7125946,SM497010
Q7125947,SM497010
Q7125948,SM497010
Q7125949,SM497010
Q7125950,SM497010
Q7125951,SM497010
Q7125952,SM497010
Q7125953,SM497010
Q7125955,SM497010
Q7125956,SM497010
Q7125957,SM497010
Q7125959,SM497010
Q7125960,SM497010
Q7125961,SM497010
Q7125962,SM497010
Q7125963,SM497010
Q7125964,SM497010
Q7125966,SM497010
Q7125967,SM497010
Q7125968,SM497010
Q7126100,SM256639
Q7126936,SM256644
Q7127364,SM494606
Q7127391,SM494611
Q7127437,SM256650
Q7127438,SM256650
Q7127440,SM256650
Q7127740,SM256656
Q7127907,SM256657
Q7129050,SM256664
Q7129967,SM486505
Q7130047,SM256679
Q7130048,SM256678
Q7130204,SM8427
Q7130218,SM256682
Q7130245,SM495717
Q7130361,SM256689
Q7130854,SM486505
Q7130900,SM255721
Q7131021,SM480803
Q7131152,SM256704
Q7131198,SM492495
Q7131314,SM256709
Q7134678,SM495855
Q7134691,SM495856
Q7134734,SM497040
Q7134761,SM256736
Q7136125,SM256744
Q7136705,SM256753
Q7139341,SM252004
Q7141396,SM256771
Q7142295,SM495707
Q7143154,SM253275
Q7144699,SM256785
Q7144701,SM256785
Q7144704,SM256785
Q7144705,SM256785
Q7144707,SM256785
Q7144713,SM256786
Q7144724,SM256787
Q7144862,SM493505
Q7144921,SM256793
Q7145129,SM256800
Q7148330,SM256808
Q7148684,SM256810
Q7148792,SM256811
Q7148798,SM493562
Q7156121,SM256765
Q7156689,SM480813
Q7165873,SM480310
Q7165956,SM496038
Q7169377,SM256848
Q7170199,SM493427
Q7170439,SM480899
Q7171142,SM495817
Q7171144,SM495819
Q7171212,SM495820
Q7171214,SM8186
Q7171215,SM496992
Q7171385,SM494254
Q7180937,SM256751
Q7187108,SM254901
Q7188183,SM492552
Q7190471,SM487125
Q7190546,SM495259
Q7191684,SM492825
Q7194112,SM493278
Q7195027,SM252352
Q7195701,SM256888
Q7195920,SM256889
Q7198285,SM495461
Q7198563,SM480797
Q7205945,SM254097
Q7206070,SM496129
Q7206169,SM495700
Q7206513,SM493372
Q7206686,SM460662
Q7207182,SM496581
Q7207736,SM494633
Q7207794,SM256909
Q7208545,SM250635
Q7208683,SM496583
Q7209315,SM496942
Q7209875,SM494634
Q7209890,SM494636
Q7210048,SM496942
Q7210051,SM256913
Q7218672,SM480258
Q7218773,SM480163
Q7223451,SM495241
Q7225995,SM494677
Q7227577,SM494644
Q7227736,SM250528
Q7229512,SM495846
Q7230263,SM496586
Q7232605,SM494645
Q7232607,SM250963
Q7232615,SM494646
Q7232621,SM486568
Q7232639,SM494652
Q7232666,SM256931
Q7232668,SM494655
Q7232689,SM494657
Q7232690,SM494658
Q7232720,SM496879
Q7232721,SM496879
Q7232733,SM496879
Q7232863,SM256933
Q7234673,SM493568
Q7235429,SM492863
Q7237887,SM257790
Q7238977,SM258093
Q7245938,SM480334
Q7258666,SM495247
Q7259177,SM494475
Q7259270,SM256964
Q7260337,SM494663
Q7260338,SM257008
Q7260795,SM256977
Q7261635,SM256987
Q7261823,SM493545
Q7262283,SM8487
Q7262301,SM256995
Q7263259,SM255119
Q7265832,SM257006
Q7265858,SM254565
Q7265943,SM494253
Q7265944,SM254314
Q7267051,SM254496
Q7267629,SM257013
Q7267975,SM494000
Q7269396,SM494380
Q7271211,SM494120
Q7271355,SM492553
Q7272237,SM494887
Q7273097,SM7658
Q7280202,SM257036
Q7285010,SM496862
Q7285021,SM257057
Q7285231,SM257059
Q7285368,SM257060
Q7285762,SM493476
Q7286139,SM257072
Q7286399,SM257076
Q7286410,SM257077
Q7286834,SM257092
Q7288393,SM257093
Q7288774,SM257100
Q7288919,SM257098
Q7289018,SM480475
Q7289319,SM257101
Q7289594,SM257103
Q7289903,SM494070
Q7289973,SM257105
Q7292817,SM257042
Q7292916,SM257118
Q7294310,SM480861
Q7295276,SM257126
Q7295430,SM257127
Q7295580,SM257128
Q7295690,SM252286
Q7295942,SM257134
Q7296093,SM493450
Q7296265,SM257136
Q7296690,SM252691
Q7296905,SM480860
Q7296914,SM252287
Q7298435,SM251673
Q7298439,SM251673
Q7299380,SM257146
Q7303768,SM6044
Q7303906,SM495719
Q7304655,SM254625
Q7305479,SM495588
Q7306884,SM251777
Q7307961,SM257151
Q7310587,SM493717
Q7310983,SM257157
Q7313206,SM256069
Q7320262,SM7758
Q7322482,SM492554
Q7329478,SM496344
Q7334608,SM494468
Q7336052,SM257167
Q7354656,SM254091
Q7354670,SM254092
Q7356790,SM494043
Q7356800,SM480868
Q7359739,SM257209
Q7359755,SM257179
Q7361326,SM487515
Q7361475,SM257180
Q7361508,SM257180
Q7361618,SM257182
Q7362530,SM494688
Q7362533,SM494692
Q7362546,SM486594
Q7362644,SM494691
Q7362930,SM496609
Q7365670,SM487179
Q7370965,SM258488
Q7372297,SM257140
Q7375228,SM257196
Q7377872,SM250713
Q7379138,SM496612
Q7382259,SM496912
Q7382299,SM494699
Q7382303,SM496912
Q7382306,SM496912
Q7382307,SM496912
Q7382310,SM496912
Q7382314,SM496912
Q7382317,SM496912
Q7383585,SM257215
Q7383598,SM493718
Q7386166,SM480368
Q7386406,SM255734
Q7387013,SM494111
Q7387021,SM480916
Q7395442,SM253301
Q7395578,SM494706
Q7395893,SM487627
Q7395905,SM257222
Q7395910,SM257223
Q7396546,SM495880
Q7396769,SM252482
Q7397468,SM494707
Q7397470,SM494705
Q7397836,SM257231
Q7397839,SM257232
Q7398288,SM496617
Q7399032,SM257236
Q7399344,SM496618
Q7399524,SM257241
Q7399841,SM257249
Q7400107,SM6048
Q7400820,SM480911
Q7400821,SM257454
Q7402496,SM8541
Q7402762,SM8373
Q7403025,SM251722
Q7403030,SM480878
Q7403051,SM480884
Q7403137,SM480885
Q7403308,SM495046
Q7403864,SM480441
Q7404641,SM257282
Q7404928,SM252673
Q7406720,SM257290
Q7408116,SM495472
Q7408514,SM8441
Q7408687,SM257298
Q7409048,SM257307
Q7409103,SM7472
Q7409418,SM250948
Q7409634,SM257311
Q7409645,SM495885
Q7409937,SM257314
Q7409949,SM495494
Q7413840,SM480892
Q7414787,SM494743
Q7415456,SM257329
Q7415486,SM257330
Q7415529,SM257332
Q7415612,SM494435
Q7416242,SM257334
Q7416366,SM257496
Q7416717,SM495837
Q7417767,SM7362
Q7417971,SM454374
Q7417979,SM494397
Q7417982,SM257339
Q7418052,SM494413
Q7418143,SM256070
Q7418699,SM257343
Q7418845,SM492468
Q7419000,SM257347
Q7419374,SM494828
Q7419872,SM494071
Q7419975,SM494106
Q7420117,SM20958
Q7420409,SM257358
Q7420943,SM257368
Q7421636,SM257372
Q7423257,SM257380
Q7424029,SM257393
Q7424459,SM252484
Q7424847,SM257382
Q7426138,SM257403
Q7426152,SM480903
Q7426167,SM257409
Q7427084,SM486509
Q7427123,SM495895
Q7427532,SM257421
Q7427925,SM257424
Q7428581,SM257430
Q7429377,SM257262
Q7429380,SM257262
Q7429945,SM480036
Q7429947,SM495203
Q7429950,SM495206
Q7429986,SM497023
Q7430632,SM495689
Q7434888,SM480380
Q7435494,SM495501
Q7435773,SM494716
Q7437603,SM493957
Q7437636,SM494718
Q7437641,SM486571
Q7437657,SM494719
Q7437768,SM487361
Q7437878,SM494720
Q7445073,SM493164
Q7448359,SM257987
Q7448426,SM250714
Q7449528,SM257456
Q7449720,SM496635
Q7450261,SM494726
Q7450417,SM496706
Q7450440,SM494888
Q7450462,SM493908
Q7450527,SM250673
Q7450608,SM254293
Q7451870,SM257469
Q7452993,SM257473
Q7452995,SM496996
Q7452997,SM496996
Q7453059,SM252105
Q7455421,SM493115
Q7457056,SM492715
Q7459704,SM495422
Q7460131,SM461485
Q7462404,SM250580
Q7462436,SM257515
Q7462437,SM257515
Q7462438,SM257515
Q7478624,SM496886
Q7490602,SM480283
Q7491572,SM257511
Q7493265,SM257516
Q7495004,SM7729
Q7495439,SM257526
Q7495676,SM494156
Q7495955,SM255116
Q7497249,SM257560
Q7497464,SM495713
Q7499316,SM257656
Q7499438,SM257569
Q7501493,SM257572
Q7503559,SM494021
Q7505815,SM7710
Q7506530,SM494590
Q7507456,SM8097
Q7507476,SM494751
Q7508214,SM257588
Q7511447,SM495193
Q7511479,SM495194
Q7513654,SM494669
Q7513845,SM257597
Q7514267,SM257602
Q7515406,SM493704
Q7520475,SM494372
Q7521269,SM257609
Q7522183,SM7415
Q7522198,SM493384
Q7523254,SM495311
Q7523256,SM495312
Q7523317,SM486573
Q7523318,SM497032
Q7523320,SM497032
Q7523478,SM7002
Q7524307,SM257631
Q7530288,SM496656
Q7530475,SM257391
Q7530960,SM494890
Q7531865,SM493150
Q7531942,SM257654
Q7533396,SM496657
Q7535367,SM6055
Q7536516,SM495411
Q7536603,SM493945
Q7536953,SM20817
Q7539340,SM495388
Q7541523,SM486511
Q7541678,SM257666
Q7541693,SM486512
Q7541695,SM494771
Q7541696,SM494772
Q7545308,SM494845
Q7547016,SM496660
Q7550108,SM494469
Q7558376,SM494269
Q7558831,SM8653
Q7559134,SM493869
Q7559194,SM496951
Q7559195,SM251007
Q7559196,SM496951
Q7559197,SM496951
Q7559198,SM496951
Q7559200,SM493870
Q7559654,SM494126
Q7560535,SM257687
Q7561218,SM257695
Q7561298,SM250697
Q7561670,SM257692
Q7561920,SM257701
Q7562262,SM254263
Q7562672,SM257784
Q7563304,SM257706
Q7563990,SM8654
Q7565427,SM486514
Q7565432,SM493909
Q7565914,SM493912
Q7565916,SM493910
Q7566030,SM7661
Q7566056,SM495104
Q7568395,SM495477
Q7570586,SM257723
Q7570717,SM480308
Q7573111,SM494778
Q7573153,SM494781
Q7573173,SM494782
Q7573180,SM494783
Q7573191,SM496900
Q7573269,SM495822
Q7573404,SM480950
Q7573435,SM495758
Q7585926,SM493463
Q7586018,SM486515
Q7586020,SM486575
Q7586023,SM495747
Q7586025,SM494090
Q7586040,SM495746
Q7586052,SM497094
Q7586132,SM496881
Q7586133,SM496881
Q7586134,SM496881
Q7586137,SM496881
Q7586139,SM496881
Q7616084,SM257747
Q7616930,SM257748
Q7621290,SM495748
Q7626110,SM252762
Q7630759,SM257753
Q7631357,SM250706
Q7632277,SM461327
Q7633357,SM495233
Q7633360,SM495234
Q7633369,SM495235
Q7633387,SM496891
Q7635903,SM494826
Q7636922,SM493662
Q7640113,SM257786
Q7640240,SM251744
Q7640559,SM252404
Q7641172,SM495519
Q7645200,SM494464
Q7646286,SM257801
Q7646914,SM492559
Q7649940,SM257816
Q7650652,SM254765
Q7652937,SM496673
Q7653061,SM257824
Q7653919,SM494552
Q7654556,SM496920
Q7654558,SM495839
Q7654699,SM494237
Q7654710,SM495289
Q7654726,SM494282
Q7654727,SM494288
Q7654728,SM494335
Q7654842,SM494739
Q7654856,SM494788
Q7663108,SM492817
Q7663489,SM495351
Q7673842,SM496863
Q7673844,SM259947
Q7674195,SM8276
Q7674694,SM252290
Q7675125,SM492672
Q7675140,SM250745
Q7675189,SM496678
Q7675727,SM8462
Q7675748,SM257859
Q7676207,SM256241
Q7676374,SM257866
Q7676411,SM495847
Q7676598,SM494804
Q7676603,SM494805
Q7676616,SM496887
Q7676689,SM496361
Q7676855,SM257869
Q7678438,SM6052
Q7678537,SM251767
Q7678892,SM250937
Q7680074,SM495701
Q7680129,SM494592
Q7680275,SM487135
Q7681005,SM8435
Q7681242,SM493858
Q7681244,SM257896
Q7681248,SM493859
Q7681259,SM493863
Q7681261,SM257897
Q7681393,SM493866
Q7681822,SM8458
Q7681833,SM257901
Q7682991,SM256072
Q7683833,SM257917
Q7684182,SM494817
Q7684343,SM492725
Q7684728,SM492902
Q7685510,SM494365
Q7685740,SM480987
Q7686253,SM481132
Q7686262,SM257936
Q7686522,SM250740
Q7687780,SM493231
Q7688383,SM257951
Q7688629,SM481056
Q7689083,SM257957
Q7689203,SM480989
Q7690595,SM257964
Q7690712,SM494937
Q7690741,SM487441
Q7690742,SM487440
Q7691020,SM481067
Q7691037,SM487180
Q7691049,SM487177
Q7691050,SM487183
Q7691052,SM257966
Q7692889,SM480991
Q7696151,SM487403
Q7696558,SM257623
Q7697231,SM257979
Q7697877,SM251612
Q7697879,SM493867
Q7698066,SM250593
Q7700271,SM493696
Q7702419,SM4165
Q7706089,SM492671
Q7707076,SM493062
Q7707080,SM258016
Q7708820,SM459425
Q7709041,SM258019
Q7709099,SM494829
Q7709108,SM494831
Q7709308,SM496923
Q7709309,SM494830
Q7709427,SM258033
Q7709976,SM258037
Q7710757,SM253532
Q7711381,SM258049
Q7711416,SM459069
Q7777594,SM258053
Q7784119,SM258381
Q7786588,SM495702
Q7786638,SM258060
Q7795937,SM258421
Q7796913,SM256638
Q7798733,SM493936
Q7798872,SM493119
Q7800269,SM258072
Q7800405,SM486521
Q7800410,SM486577
Q7800817,SM257968
Q7804553,SM495517
Q7804554,SM7709
Q7807634,SM258090
Q7808196,SM258094
Q7808240,SM492667
Q7809078,SM454540
Q7809221,SM258100
Q7809242,SM495888
Q7810472,SM252486
Q7810494,SM258106
Q7810618,SM493198
Q7812036,SM496707
Q7813477,SM250980
Q7820355,SM256892
Q7821008,SM494847
Q7821010,SM494848
Q7825354,SM493765
Q7826060,SM496711
Q7826181,SM8110
Q7826239,SM258149
Q7827058,SM494069
Q7828379,SM258154
Q7833428,SM492561
Q7841298,SM492562
Q7842496,SM493468
Q7842498,SM495315
Q7842499,SM495316
Q7849278,SM6057
Q7849517,SM255613
Q7849614,SM258234
Q7849811,SM492564
Q7849862,SM5280
Q7850939,SM461538
Q7851525,SM252587
Q7851701,SM487429
Q7851809,SM493394
Q7851814,SM7707
Q7851898,SM492621
Q7851905,SM493508
Q7851995,SM494577
Q7852101,SM454535
Q7852599,SM252133
Q7852652,SM7393
Q7853422,SM494513
Q7853490,SM494910
Q7853662,SM258212
Q7853664,SM258212
Q7854909,SM457838
Q7854999,SM258217
Q7855004,SM258217
Q7855244,SM494863
Q7855341,SM494854
Q7855496,SM496899
Q7855497,SM496899
Q7855498,SM494861
Q7855499,SM496899
Q7855500,SM258219
Q7855501,SM496899
Q7855503,SM496899
Q7855505,SM496899
Q7855506,SM496899
Q7855508,SM494856
Q7855509,SM496899
Q7855511,SM258219
Q7855513,SM496899
Q7855514,SM496899
Q7855515,SM496899
Q7855516,SM495189
Q7855517,SM496899
Q7855519,SM496899
Q7855520,SM494864
Q7855521,SM258219
Q7855522,SM496899
Q7855523,SM496899
Q7855524,SM496899
Q7855525,SM496899
Q7855526,SM496899
Q7855527,SM258219
Q7855528,SM496899
Q7855529,SM496899
Q7855530,SM496899
Q7855532,SM496899
Q7855533,SM496899
Q7855534,SM496899
Q7855539,SM496899
Q7856136,SM492710
Q7856433,SM480649
Q7856503,SM258218
Q7856506,SM7706
Q7856507,SM461950
Q7857394,SM251077
Q7857441,SM254500
Q7857729,SM494089
Q7857833,SM251359
Q7859684,SM493986
Q7876752,SM258251
Q7876941,SM258255
Q7877667,SM493915
Q7878218,SM494613
Q7878322,SM487623
Q7878486,SM495318
Q7878524,SM495320
Q7878561,SM496974
Q7878562,SM496974
Q7878565,SM496974
Q7878566,SM496974
Q7878637,SM255124
Q7879077,SM251551
Q7881033,SM487637
Q7881631,SM7704
Q7881740,SM258284
Q7882242,SM460500
Q7889100,SM494746
Q7889920,SM8742
Q7897320,SM494118
Q7898804,SM495453
Q7899548,SM481029
Q7899601,SM258301
Q7899771,SM258304
Q7899807,SM480102
Q7901375,SM494880
Q7901452,SM486524
Q7901453,SM495851
Q7902605,SM480070
Q7902611,SM480105
Q7902883,SM258329
Q7903468,SM494601
Q7904342,SM258265
Q7908706,SM258347
Q7908734,SM258349
Q7908820,SM258350
Q7908880,SM258355
Q7915134,SM258381
Q7915215,SM494668
Q7915286,SM258383
Q7915782,SM258387
Q7917111,SM258392
Q7917675,SM250232
Q7918790,SM258399
Q7918792,SM258400
Q7919125,SM494903
Q7919815,SM495811
Q7919819,SM486525
Q7919857,SM252384
Q7922349,SM492723
Q7927181,SM493988
Q7928099,SM496750
Q7928611,SM494907
Q7928623,SM494914
Q7928664,SM496918
Q7928665,SM494909
Q7928667,SM496918
Q7928668,SM496918
Q7928669,SM494915
Q7928671,SM494908
Q7929328,SM258439
Q7933931,SM495552
Q7934826,SM258445
Q7937982,SM7461
Q7938146,SM495450
Q7943877,SM258460
Q7958747,SM493552
Q7958867,SM481044
Q7959798,SM255987
Q7961872,SM258627
Q7966856,SM464105
Q7966926,SM250900
Q7967791,SM495329
Q7967792,SM250802
Q7969102,SM258471
Q7970362,SM253684
Q7970849,SM258551
Q7971257,SM460398
Q7972734,SM251141
Q7972743,SM494892
Q7972763,SM257603
Q7972976,SM258557
Q7976927,SM7212
Q7978040,SM495479
Q7981857,SM494930
Q7981874,SM494932
Q7981927,SM494933
Q7983298,SM451050
Q7983552,SM7703
Q7985442,SM8139
Q7989949,SM6042
Q7990052,SM493705
Q7990405,SM451051
Q7993643,SM258583
Q7994447,SM258585
Q7994451,SM258586
Q7994454,SM252062
Q7994475,SM495078
Q7994501,SM495089
Q7994595,SM8244
Q7994805,SM493472
Q7995099,SM256136
Q7995362,SM495091
Q7995664,SM495086
Q7995667,SM258590
Q7998466,SM493569
Q7999806,SM496769
Q8003346,SM255125
Q8006776,SM495047
Q8015100,SM492895
Q8017090,SM487511
Q8026655,SM496771
Q8027041,SM258611
Q8028984,SM257750
Q8030290,SM492799
Q8032824,SM7672
Q8034113,SM487397
Q8034515,SM254520
Q8037435,SM250128
Q8039112,SM480789
Q8039136,SM258638
Q8044579,SM258654
Q8045269,SM496782
Q8047127,SM258671
Q8047240,SM250437
Q8048066,SM256962
Q8048543,SM258686
Q8048832,SM8064
Q8049057,SM493571
Q8049335,SM496788
Q8049784,SM496790
Q8050331,SM481083
Q8050444,SM496792
Q8050480,SM258692
Q8050623,SM258715
Q8051409,SM6039
Q8051445,SM492566
Q8052117,SM494947
Q8052139,SM496939
Q8052199,SM258683
Q8052536,SM493997
Q8052603,SM495248
Q8052694,SM496794
Q8053633,SM256074
Q8053813,SM258744
Q8054237,SM494617
Q8054796,SM258747
Q8054844,SM494938
Q8055853,SM458148
Q8060365,SM494950
Q8060433,SM258760
Q8061005,SM496802
Q8066000,SM8092
Q8067620,SM481096
Q8068879,SM256076
Q8071304,SM487393
Q8072050,SM251222
Q8072051,SM251222
Q8072098,SM251222
Q8072101,SM251222
Q8072102,SM251222
Q8073809,SM258809
Q8073985,SM495824
Q8075153,SM496821
Q8077861,SM492980
Q8102636,SM251080
Q8198795,SM493086
Q8243070,SM492925
Q8261885,SM480142
Q8295453,SM480203
Q8344747,SM252701
Q8352593,SM253941
Q8426825,SM256485
Q8499701,SM480410
Q8544947,SM480360
Q8544953,SM480367
Q8544954,SM480369
Q8566701,SM480502
Q8678677,SM251609
Q8707155,SM253589
Q8750701,SM257600
Q8759142,SM480498
Q8886726,SM492579
Q8964023,SM492842
Q9008557,SM496913
Q9016394,SM496301
Q9020063,SM256111
Q9054264,SM256627
Q9059959,SM496578
Q9060109,SM252947
Q9072578,SM495641
Q9080726,SM495642
Q9088394,SM258143
Q9093719,SM258440
Q9138003,SM495968
Q9149944,SM486489
Q9161796,SM251771
Q9209165,SM492631
Q9209191,SM495803
Q9210328,SM492891
Q9248159,SM495384
Q9252262,SM257813
Q9283592,SM493576
Q9286826,SM494627
Q9288765,SM492101
Q9300150,SM493001
Q9304182,SM492764
Q9322510,SM257180
Q9324154,SM494680
Q9336390,SM494150
Q9338735,SM495488
Q9353548,SM493184
Q9355820,SM487269
Q9371692,SM494753
Q9373694,SM496918
Q9383959,SM496152
Q9386478,SM495490
Q9386789,SM493691
Q9398528,SM493640
Q9428688,SM257013
Q9495537,SM496633
Q9544342,SM251606
Q9586962,SM480500
Q9592376,SM480969
Q9628620,SM496028
Q9631953,SM251718
Q9648264,SM495268
Q9673112,SM493373
Q9675150,SM496319
Q9696658,SM496329
Q10113811,SM8072
Q10259895,SM494953
Q10262064,SM255127
Q10262069,SM255133
Q10262180,SM480331
Q10262245,SM496475
Q10262509,SM496380
Q10271018,SM253295
Q10272345,SM493448
Q10287096,SM493516
Q10288535,SM480399
Q10290517,SM257880
Q10290797,SM496248
Q10296451,SM493448
Q10296900,SM496240
Q10299766,SM492898
Q10301478,SM495426
Q10303673,SM494297
Q10310925,SM497048
Q10312754,SM486555
Q10314685,SM254969
Q10322748,SM497004
Q10322847,SM492661
Q10323442,SM493484
Q10331887,SM494361
Q10335573,SM251589
Q10343454,SM251412
Q10344162,SM8175
Q10344163,SM8174
Q10349974,SM496579
Q10353974,SM493517
Q10356498,SM8180
Q10368504,SM255666
Q10377784,SM492897
Q10378754,SM493432
Q10385271,SM496721
Q10393545,SM8149
Q10394234,SM494375
Q10394387,SM257563
Q10394400,SM496781
Q10401143,SM493526
Q10407289,SM251566
Q10411663,SM257504
Q10417789,SM492770
Q10423666,SM494160
Q10429237,SM496104
Q10432774,SM252420
Q10438477,SM253428
Q10441142,SM496146
Q10444860,SM480030
Q10460046,SM496809
Q10464898,SM7588
Q10476816,SM495389
Q10495358,SM496676
Q10536777,SM254054
Q10556749,SM493514
Q10564861,SM495898
Q10565820,SM493527
Q10565923,SM496647
Q10566651,SM492777
Q10566956,SM493523
Q10588098,SM496484
Q10589456,SM250525
Q10600798,SM487319
Q10647674,SM496592
Q10726503,SM486816
Q10751656,SM258122
Q10757025,SM480653
Q10800511,SM486581
Q10800567,SM486527
Q10840067,SM496180
Q10856098,SM494113
Q10857471,SM494117
Q10859769,SM496926
Q10859770,SM254045
Q10859771,SM486553
Q10861645,SM494115
Q10863014,SM496107
Q10864829,SM496593
Q10872633,SM255518
Q10877952,SM496736
Q10878758,SM496517
Q10884553,SM493513
Q10888418,SM492862
Q10894859,SM494851
Q10901092,SM257073
Q10905632,SM495897
Q10909996,SM254360
Q10913605,SM496008
Q10916017,SM493525
Q10917701,SM488223
Q10922993,SM496685
Q10932382,SM496521
Q10946480,SM493528
Q10951846,SM494625
Q10967369,SM487458
Q10969817,SM494582
Q10971476,SM494852
Q10973466,SM7799
Q10977099,SM7645
Q10980738,SM252967
Q10985965,SM462048
Q10989624,SM492135
Q11030979,SM496424
Q11035731,SM495386
Q11036845,SM252528
Q11039713,SM253770
Q11043584,SM495848
Q11073103,SM493010
Q11078287,SM495872
Q11078526,SM496622
Q11079064,SM496191
Q11087235,SM493524
Q11087384,SM496375
Q11092218,SM493515
Q11106853,SM496409
Q11113434,SM494632
Q11151377,SM492691
Q11152653,SM496272
Q11156256,SM496490
Q11172709,SM496776
Q11172836,SM492688
Q11189345,SM496662
Q11194520,SM480208
Q11201150,SM495145
Q11216568,SM494742
Q11220654,SM252852
Q11239222,SM255894
Q11241704,SM487511
Q11267380,SM258582
Q11267680,SM496886
Q11269025,SM496974
Q11271251,SM254923
Q11284510,SM254712
Q11301904,SM253807
Q11302384,SM250336
Q11316481,SM257909
Q11318264,SM257965
Q11318927,SM258078
Q11326181,SM454404
Q11329481,SM494608
Q11343163,SM496659
Q11394421,SM255883
Q11417139,SM493471
Q11418456,SM494360
Q11423956,SM496916
Q11424006,SM496886
Q11452111,SM494352
Q11495340,SM493403
Q11510150,SM494349
Q11510153,SM496886
Q11561896,SM493192
Q11569435,SM493406
Q11608110,SM496299
Q11651725,SM8392
Q11685635,SM495858
Q11689928,SM255322
Q11707722,SM493809
Q11715757,SM494754
Q11735517,SM255280
Q11742224,SM495505
Q11748045,SM494755
Q11748129,SM494624
Q11763211,SM493183
Q11774548,SM495497
Q11774882,SM256607
Q11789706,SM257603
Q11790987,SM256107
Q11819120,SM495385
Q11821999,SM496942
Q11822002,SM496942
Q11822004,SM494638
Q11822008,SM496942
Q11850378,SM494450
Q11856189,SM493634
Q11858947,SM493460
Q11870209,SM493845
Q11880749,SM250477
Q11881834,SM250918
Q11888082,SM494451
Q11892657,SM493617
Q11895155,SM253344
Q11900077,SM496747
Q11903808,SM492149
Q11904059,SM492686
Q11904153,SM492150
Q11904259,SM495001
Q11904275,SM492151
Q11904317,SM492152
Q11904588,SM492153
Q11904606,SM492154
Q11904683,SM492104
Q11904743,SM497053
Q11905097,SM492155
Q11905374,SM492063
Q11905458,SM492156
Q11906401,SM492157
Q11906464,SM492158
Q11906860,SM493786
Q11906865,SM492159
Q11906875,SM492641
Q11906929,SM492160
Q11907101,SM454420
Q11907310,SM493788
Q11907311,SM493103
Q11907313,SM493787
Q11907337,SM492647
Q11907416,SM250425
Q11907605,SM480176
Q11907607,SM492161
Q11907639,SM492162
Q11908079,SM492110
Q11908081,SM493790
Q11908084,SM492163
Q11908088,SM492164
Q11908090,SM492165
Q11908094,SM492166
Q11908095,SM492167
Q11908102,SM480924
Q11908103,SM492168
Q11908146,SM492079
Q11908150,SM487546
Q11908810,SM492169
Q11908899,SM492480
Q11909031,SM492170
Q11909290,SM252297
Q11909336,SM492171
Q11909463,SM492108
Q11909482,SM495777
Q11909502,SM492085
Q11909548,SM492172
Q11909626,SM492173
Q11909997,SM495596
Q11910003,SM492096
Q11910142,SM492637
Q11910203,SM492731
Q11910393,SM492174
Q11910478,SM492092
Q11910993,SM492175
Q11911969,SM492177
Q11912915,SM492178
Q11913224,SM492097
Q11913420,SM492179
Q11913552,SM492180
Q11913772,SM492747
Q11914738,SM492034
Q11914741,SM492034
Q11915597,SM495510
Q11915814,SM492181
Q11916324,SM493883
Q11916395,SM493177
Q11916476,SM492083
Q11916622,SM495645
Q11916777,SM259953
Q11916991,SM492182
Q11917183,SM7802
Q11917498,SM496192
Q11917499,SM492111
Q11917513,SM493821
Q11917549,SM253214
Q11917579,SM492719
Q11917775,SM492183
Q11917833,SM493770
Q11917865,SM492705
Q11918853,SM492081
Q11918866,SM257813
Q11918869,SM492184
Q11919278,SM492185
Q11920948,SM495600
Q11920962,SM492186
Q11921079,SM492187
Q11921113,SM492188
Q11923212,SM492189
Q11923440,SM495778
Q11923765,SM492070
Q11923773,SM492190
Q11923907,SM492191
Q11924154,SM492113
Q11924156,SM492114
Q11924170,SM492646
Q11924289,SM492098
Q11924335,SM492109
Q11924527,SM492086
Q11924571,SM492192
Q11924580,SM492193
Q11925078,SM253617
Q11925092,SM492194
Q11925128,SM495780
Q11925139,SM462049
Q11925172,SM496260
Q11925173,SM492195
Q11925242,SM492196
Q11925260,SM492197
Q11925433,SM492198
Q11925702,SM492199
Q11926207,SM253870
Q11926314,SM495242
Q11926318,SM496274
Q11926409,SM495496
Q11926605,SM492200
Q11926788,SM495598
Q11926829,SM492105
Q11926969,SM492201
Q11927107,SM492202
Q11927149,SM254115
Q11927171,SM492706
Q11927550,SM493369
Q11929634,SM480525
Q11929792,SM480549
Q11929801,SM461517
Q11929829,SM487271
Q11929835,SM492093
Q11929848,SM492099
Q11929852,SM493632
Q11929866,SM492655
Q11929934,SM250408
Q11929965,SM257018
Q11929967,SM492082
Q11929970,SM250394
Q11929982,SM492203
Q11929985,SM492854
Q11931067,SM492094
Q11931141,SM493795
Q11931240,SM495735
Q11931296,SM493137
Q11931816,SM492605
Q11931858,SM492600
Q11934031,SM492060
Q11934466,SM255602
Q11934479,SM492087
Q11934500,SM493797
Q11934502,SM258452
Q11934509,SM492100
Q11934529,SM255353
Q11934533,SM492859
Q11934556,SM495599
Q11934636,SM487338
Q11934659,SM255440
Q11934695,SM255473
Q11934758,SM493799
Q11934780,SM492204
Q11934835,SM492101
Q11934868,SM492205
Q11934884,SM492206
Q11934901,SM494574
Q11935051,SM496441
Q11935299,SM492207
Q11935385,SM492208
Q11935405,SM492915
Q11935747,SM492676
Q11936162,SM255917
Q11936177,SM496448
Q11936295,SM492689
Q11936371,SM496462
Q11936624,SM496468
Q11936729,SM492209
Q11936807,SM493802
Q11937028,SM495781
Q11937059,SM495586
Q11937170,SM255855
Q11937218,SM496481
Q11938160,SM493798
Q11938261,SM255854
Q11938321,SM496501
Q11938334,SM492210
Q11938345,SM256108
Q11938618,SM492211
Q11938671,SM480760
Q11938802,SM256092
Q11939216,SM492212
Q11939282,SM493738
Q11939344,SM495371
Q11939360,SM493024
Q11939472,SM492213
Q11939542,SM492214
Q11939558,SM492215
Q11939563,SM492216
Q11939618,SM493025
Q11939625,SM492217
Q11939627,SM254657
Q11939633,SM492218
Q11939760,SM492080
Q11939762,SM492080
Q11939768,SM496546
Q11939975,SM492219
Q11940016,SM492220
Q11940144,SM492221
Q11940205,SM492222
Q11940211,SM492223
Q11940226,SM492224
Q11940361,SM492225
Q11941365,SM492226
Q11941587,SM496576
Q11941693,SM492227
Q11941699,SM492228
Q11941706,SM492990
Q11941717,SM492057
Q11942685,SM493027
Q11942716,SM492229
Q11942987,SM492910
Q11944204,SM492230
Q11944352,SM492231
Q11944366,SM492700
Q11944370,SM492232
Q11945484,SM492233
Q11946394,SM492234
Q11946433,SM257215
Q11946543,SM492235
Q11946575,SM496615
Q11946578,SM492236
Q11946681,SM496621
Q11946732,SM492237
Q11946733,SM492238
Q11946867,SM492239
Q11946875,SM496623
Q11947729,SM492240
Q11947749,SM492241
Q11947793,SM493134
Q11947802,SM496627
Q11947870,SM496629
Q11947874,SM492242
Q11947948,SM454376
Q11948014,SM493042
Q11948138,SM492243
Q11948192,SM492244
Q11948262,SM496638
Q11948877,SM492245
Q11949458,SM496641
Q11949727,SM492246
Q11949751,SM492247
Q11949842,SM492248
Q11949863,SM496654
Q11949880,SM492249
Q11950424,SM492656
Q11950465,SM492250
Q11950490,SM487860
Q11950581,SM492252
Q11950865,SM496684
Q11950878,SM492056
Q11950886,SM492253
Q11950893,SM493739
Q11950938,SM492254
Q11950969,SM496689
Q11950972,SM496690
Q11951689,SM492255
Q11951725,SM492256
Q11951815,SM495244
Q11951865,SM492257
Q11952042,SM495686
Q11952051,SM492258
Q11952189,SM492259
Q11952203,SM493031
Q11953414,SM258219
Q11953802,SM8275
Q11953803,SM252864
Q11953941,SM492260
Q11954140,SM492261
Q11954148,SM492262
Q11954169,SM495602
Q11954188,SM258452
Q11954225,SM492263
Q11954358,SM492264
Q11954396,SM492594
Q11954407,SM495604
Q11954433,SM495605
Q11954447,SM492265
Q11954488,SM493808
Q11954926,SM492266
Q11954996,SM492267
Q11955025,SM492607
Q11955061,SM493773
Q11955474,SM258683
Q11955560,SM258793
Q11955564,SM495245
Q11955571,SM492268
Q11955578,SM496814
Q11955608,SM492074
Q11955609,SM496817
Q11955613,SM492269
Q11955625,SM492270
Q11955654,SM254158
Q11955763,SM480147
Q11980803,SM254757
Q11987322,SM492271
Q12004347,SM496920
Q12014472,SM496829
Q12048367,SM495387
Q12050385,SM257213
Q12056386,SM493147
Q12060728,SM251784
Q12068108,SM257298
Q12068733,SM257473
Q12071650,SM496899
Q12085931,SM495623
Q12093773,SM253428
Q12097586,SM8831
Q12098048,SM496890
Q12107831,SM492272
Q12108632,SM255280
Q12152199,SM495319
Q12153515,SM492809
Q12155932,SM496900
Q12156663,SM252929
Q12159128,SM493235
Q12160131,SM257947
Q12163818,SM496974
Q12164355,SM496974
Q12164365,SM486445
Q12171396,SM496920
Q12179365,SM496918
Q12179603,SM495175
Q12180135,SM495397
Q12183576,SM493806
Q12183578,SM493352
Q12183757,SM255216
Q12184158,SM496975
Q12184313,SM250716
Q12189680,SM493459
Q12190348,SM251662
Q12191284,SM480329
Q12199147,SM252345
Q12199691,SM495529
Q12201732,SM496081
Q12205145,SM492275
Q12210943,SM495974
Q12218703,SM497001
Q12224629,SM461972
Q12231008,SM256650
Q12231011,SM256650
Q12232203,SM256026
Q12241922,SM255353
Q12252312,SM250265
Q12257903,SM250221
Q12269708,SM255798
Q12274078,SM497018
Q12274082,SM252522
Q12274088,SM497018
Q12274091,SM497018
Q12274094,SM497018
Q12274096,SM497018
Q12274099,SM497018
Q12274107,SM497018
Q12274110,SM497018
Q12274115,SM497018
Q12274116,SM497018
Q12274120,SM497018
Q12282630,SM495515
Q12291029,SM256916
Q12314510,SM480411
Q12345296,SM496876
Q12346608,SM451045
Q12348267,SM250709
Q12350403,SM496317
Q12350481,SM252609
Q12351513,SM255229
Q12352241,SM255541
Q12352449,SM255701
Q12354724,SM250650
Q12355115,SM493574
Q12355175,SM493695
Q12355725,SM7353
Q12355977,SM7708
Q12355995,SM480047
Q12357409,SM250580
Q12359016,SM494203
Q12361731,SM253344
Q12367524,SM494183
Q12370529,SM496492
Q12404065,SM486491
Q12407795,SM480471
Q12416393,SM252489
Q12437856,SM256774
Q12459509,SM253873
Q12477340,SM493594
Q12480578,SM251146
Q12482473,SM255932
Q12492328,SM8385
Q12497676,SM252349
Q12497927,SM8359
Q12517187,SM494870
Q12517191,SM8387
Q12517192,SM8384
Q12517193,SM252556
Q12517196,SM487621
Q12517199,SM480200
Q12517201,SM8454
Q12517205,SM8405
Q12517208,SM496831
Q12517215,SM493685
Q12517221,SM253661
Q12517232,SM495581
Q12517236,SM251374
Q12517237,SM496403
Q12517238,SM462000
Q12517250,SM257289
Q12517256,SM8346
Q12517257,SM493694
Q12517260,SM494504
Q12517266,SM462006
Q12522077,SM493457
Q12576980,SM492281
Q12601858,SM494414
Q12602645,SM488011
Q12626435,SM496023
Q12626467,SM495973
Q12626475,SM495967
Q12626476,SM495966
Q12626483,SM495969
Q12626582,SM251433
Q12626620,SM495988
Q12626635,SM251497
Q12626647,SM495996
Q12626734,SM257015
Q12626813,SM496001
Q12626873,SM496012
Q12626924,SM496014
Q12626927,SM494565
Q12627113,SM496021
Q12627115,SM486179
Q12627134,SM251658
Q12627171,SM495881
Q12627185,SM496027
Q12627270,SM496032
Q12627346,SM496044
Q12627454,SM257971
Q12627458,SM494584
Q12627494,SM496053
Q12627526,SM487200
Q12627532,SM496067
Q12627557,SM496069
Q12627558,SM487212
Q12627569,SM494284
Q12627677,SM487091
Q12627829,SM250019
Q12627873,SM496102
Q12627969,SM450378
Q12627970,SM450378
Q12628090,SM496119
Q12628094,SM252968
Q12628222,SM252441
Q12628259,SM496539
Q12628478,SM494918
Q12628481,SM494061
Q12628510,SM496128
Q12628520,SM496132
Q12628526,SM250135
Q12628602,SM496141
Q12628680,SM252602
Q12628743,SM494073
Q12628865,SM492022
Q12628929,SM493626
Q12628960,SM494038
Q12628963,SM252806
Q12628969,SM480289
Q12628990,SM496159
Q12628994,SM496160
Q12629116,SM252923
Q12629193,SM252951
Q12629214,SM496171
Q12629459,SM496174
Q12629609,SM494722
Q12629612,SM494808
Q12629783,SM480340
Q12629853,SM253188
Q12629962,SM492719
Q12630266,SM496199
Q12630379,SM496203
Q12630386,SM494558
Q12630456,SM253302
Q12630580,SM251558
Q12630617,SM495798
Q12630701,SM487056
Q12630715,SM251146
Q12630718,SM455301
Q12630719,SM8295
Q12630720,SM486768
Q12630721,SM486832
Q12630722,SM455303
Q12630723,SM455302
Q12630724,SM251698
Q12630725,SM486786
Q12630726,SM455304
Q12630727,SM455307
Q12630728,SM455305
Q12630729,SM7644
Q12630730,SM455310
Q12630731,SM252182
Q12630732,SM251150
Q12630734,SM8293
Q12630735,SM486933
Q12630736,SM455309
Q12630737,SM252498
Q12630738,SM493918
Q12630739,SM252508
Q12630741,SM251307
Q12630742,SM7588
Q12630743,SM253780
Q12630744,SM455315
Q12630745,SM455334
Q12630746,SM455374
Q12630747,SM455333
Q12630748,SM258089
Q12630749,SM486956
Q12630750,SM455344
Q12630751,SM486787
Q12630752,SM255480
Q12630753,SM259960
Q12630754,SM255624
Q12630755,SM256037
Q12630756,SM493920
Q12630757,SM455354
Q12630759,SM454380
Q12630760,SM250369
Q12630761,SM450963
Q12630763,SM493921
Q12630764,SM455376
Q12630765,SM455373
Q12630766,SM486125
Q12630767,SM8832
Q12630769,SM251218
Q12630770,SM495894
Q12630771,SM252595
Q12630772,SM455316
Q12630773,SM455375
Q12630774,SM455377
Q12631030,SM495844
Q12631358,SM496227
Q12631410,SM496231
Q12631613,SM496245
Q12631792,SM494531
Q12631903,SM258172
Q12632109,SM253823
Q12632150,SM253849
Q12632174,SM493950
Q12632324,SM493316
Q12632325,SM496268
Q12632383,SM496270
Q12632438,SM496941
Q12632439,SM496941
Q12632442,SM496941
Q12632445,SM496941
Q12632719,SM496271
Q12632724,SM485699
Q12632726,SM253942
Q12632752,SM253930
Q12632817,SM253972
Q12632821,SM493783
Q12632862,SM496278
Q12632867,SM255980
Q12632939,SM495116
Q12632953,SM253083
Q12633018,SM494819
Q12633031,SM494559
Q12633032,SM495582
Q12633044,SM480469
Q12633368,SM480473
Q12633524,SM8839
Q12633608,SM254171
Q12633710,SM496300
Q12634071,SM254271
Q12634089,SM495721
Q12634109,SM494842
Q12634121,SM496314
Q12634144,SM493450
Q12634166,SM494567
Q12634186,SM496321
Q12634229,SM494233
Q12634330,SM254543
Q12634456,SM255830
Q12634468,SM250365
Q12634480,SM495070
Q12634717,SM496356
Q12634751,SM254915
Q12635007,SM494919
Q12635008,SM255000
Q12635022,SM8084
Q12635041,SM496370
Q12635093,SM496377
Q12635135,SM259926
Q12635142,SM494586
Q12635143,SM494576
Q12635534,SM496408
Q12635715,SM499469
Q12635743,SM494926
Q12635963,SM255333
Q12636147,SM255593
Q12636152,SM252817
Q12636447,SM494164
Q12636532,SM496451
Q12636651,SM496463
Q12636704,SM255743
Q12636963,SM255779
Q12636986,SM496473
Q12637271,SM486647
Q12637339,SM255832
Q12637418,SM496439
Q12637960,SM496496
Q12638139,SM496504
Q12638188,SM492619
Q12638327,SM255965
Q12638334,SM8259
Q12638344,SM496419
Q12638563,SM493307
Q12638569,SM495260
Q12638668,SM496508
Q12638669,SM496510
Q12638670,SM496509
Q12638746,SM256425
Q12638766,SM256475
Q12638860,SM252957
Q12638894,SM454529
Q12638917,SM493946
Q12639060,SM256500
Q12639290,SM496558
Q12639462,SM496568
Q12639490,SM256838
Q12640001,SM494026
Q12640013,SM494878
Q12640762,SM258654
Q12640803,SM496523
Q12640831,SM496595
Q12640834,SM492283
Q12640846,SM496596
Q12641160,SM496602
Q12641186,SM496603
Q12641189,SM7852
Q12641379,SM257185
Q12641467,SM257183
Q12641606,SM257273
Q12641764,SM494843
Q12642063,SM250681
Q12642093,SM494667
Q12642115,SM494600
Q12642162,SM454385
Q12642386,SM494526
Q12642426,SM8818
Q12642581,SM496548
Q12642744,SM257748
Q12642935,SM251108
Q12642942,SM495688
Q12643178,SM492372
Q12643190,SM250475
Q12643194,SM8470
Q12643232,SM496675
Q12643233,SM494623
Q12643304,SM257883
Q12643342,SM494143
Q12643374,SM496691
Q12643426,SM496695
Q12643623,SM493390
Q12643640,SM496704
Q12643648,SM458731
Q12643650,SM494442
Q12643661,SM496705
Q12643671,SM258131
Q12643736,SM258141
Q12643840,SM496715
Q12643971,SM496724
Q12643986,SM497063
Q12644038,SM8249
Q12644109,SM496735
Q12644159,SM496737
Q12644212,SM255856
Q12644263,SM495018
Q12644542,SM258409
Q12645064,SM481055
Q12645118,SM495258
Q12645250,SM493924
Q12645301,SM496772
Q12645304,SM494569
Q12645305,SM494952
Q12645306,SM454503
Q12645308,SM495465
Q12645325,SM496775
Q12645331,SM496779
Q12645337,SM496774
Q12645347,SM493994
Q12645362,SM496786
Q12645374,SM258714
Q12645456,SM494622
Q12645531,SM495015
Q12645536,SM496808
Q12645547,SM494015
Q12645715,SM496130
Q12645717,SM258801
Q12645771,SM496241
Q12645785,SM496818
Q12645840,SM496822
Q12645921,SM496154
Q12645965,SM8747
Q12646203,SM8074
Q12646207,SM496649
Q12646264,SM493932
Q12659489,SM486562
Q12661033,SM496970
Q12663117,SM494457
Q12675713,SM496970
Q12688044,SM487516
Q12696818,SM496436
Q12699186,SM255728
Q12699188,SM493948
Q12720866,SM495019
Q12723489,SM480267
Q12724005,SM495499
Q12725844,SM492883
Q12729635,SM494686
Q12741902,SM492287
Q12749025,SM492804
Q12750826,SM495606
Q12751568,SM253325
Q12755981,SM493109
Q12758356,SM494921
Q12760157,SM494740
Q12766708,SM496338
Q12811389,SM258093
Q12812344,SM480782
Q12826303,SM250451
Q12827512,SM255839
Q12832239,SM494900
Q12835288,SM495452
Q12839171,SM493455
Q12840283,SM492980
Q12849557,SM495392
Q12857596,SM494376
Q12864110,SM496208
Q12865313,SM494220
Q12871059,SM496717
Q12882256,SM493005
Q12885601,SM492952
Q12908106,SM492844
Q12908291,SM252968
Q12949821,SM7701
Q12952906,SM487197
Q12956319,SM455309
Q12957069,SM253580
Q12957279,SM480373
Q12957369,SM253780
Q12957819,SM254348
Q12957930,SM254797
Q12958273,SM486792
Q12958554,SM256138
Q12973006,SM252232
Q12974714,SM480467
Q12976080,SM496566
Q12976115,SM254269
Q12976506,SM254448
Q12977446,SM254291
Q12982292,SM253329
Q12982459,SM258417
Q12983520,SM493864
Q12984437,SM251445
Q12987857,SM255954
Q12993221,SM254535
Q12999922,SM253252
Q13007241,SM258701
Q13014432,SM255514
Q13014437,SM493441
Q13014624,SM496722
Q13015997,SM257962
Q13024299,SM495992
Q13024988,SM256415
Q13025711,SM256415
Q13027713,SM496665
Q13027718,SM496680
Q13038652,SM492289
Q13045902,SM496985
Q13048507,SM8303
Q13048871,SM496176
Q13053570,SM496876
Q13067127,SM496688
Q13067821,SM500159
Q13079282,SM494096
Q13099638,SM494855
Q13109203,SM495443
Q13109347,SM493748
Q13110709,SM253356
Q13112371,SM258051
Q13117118,SM252915
Q13124380,SM255919
Q13125185,SM4329
Q13127699,SM7589
Q13140555,SM258666
Q13140893,SM7882
Q13141922,SM496036
Q13143231,SM493350
Q13143454,SM259897
Q13143665,SM256001
Q13143708,SM7795
Q13143812,SM250656
Q13143883,SM496661
Q13143905,SM257518
Q13144018,SM250336
Q13144061,SM451035
Q13144226,SM496055
Q13144565,SM250602
Q13144707,SM250829
Q13144722,SM250284
Q13144747,SM250588
Q13144748,SM451033
Q13145071,SM250336
Q13145073,SM255019
Q13145165,SM451051
Q13145262,SM259897
Q13145484,SM250823
Q13146340,SM250274
Q13146346,SM7792
Q13146701,SM493047
Q13146813,SM492899
Q13146831,SM492290
Q13147425,SM492896
Q13149344,SM7573
Q13174248,SM257268
Q13175353,SM255142
Q13176281,SM494946
Q13180842,SM253562
Q13183983,SM253889
Q13185570,SM257171
Q13187155,SM6971
Q13210918,SM252908
Q13218631,SM496906
Q13233540,SM495002
Q13277267,SM487486
Q13341477,SM480284
Q13402953,SM495685
Q13403569,SM496894
Q13479550,SM254597
Q13508186,SM495336
Q13510350,SM493285
Q13526630,SM252813
Q13553622,SM253064
Q13553810,SM493663
Q13560779,SM454377
Q13562131,SM252561
Q13567264,SM481103
Q13580316,SM258585
Q13581588,SM495661
Q13582656,SM7945
Q13598922,SM253947
Q13633012,SM492291
Q13635519,SM496913
Q13637873,SM495129
Q13637921,SM496975
Q13638825,SM254168
Q13648403,SM255743
Q13650961,SM481026
Q13716102,SM496958
Q13847187,SM492079
Q13857808,SM495738
Q14123103,SM253785
Q14214612,SM496926
Q14362628,SM257781
Q14520556,SM492301
Q14624708,SM492846
Q14635744,SM492848
Q14652273,SM495487
Q14657885,SM8070
Q14666445,SM255855
Q14683245,SM494641
Q14683619,SM496834
Q14683627,SM494467
Q14705101,SM494939
Q14705249,SM494844
Q14802184,SM494797
Q14822101,SM8322
Q14823870,SM257603
Q14838086,SM494189
Q14915564,SM252241
Q14917550,SM252868
Q14944355,SM494602
Q14949714,SM251823
Q15039875,SM492694
Q15055500,SM495182
Q15056576,SM306050
Q15077462,SM250506
Q15079932,SM494228
Q15087899,SM494936
Q15094706,SM255964
Q15097627,SM495550
Q15107834,SM7622
Q15122078,SM494107
Q15134875,SM496942
Q15135449,SM495403
Q15140604,SM251135
Q15145787,SM480786
Q15197214,SM493491
Q15197358,SM496906
Q15215155,SM494354
Q15238374,SM494392
Q15241165,SM257181
Q15243157,SM487559
Q15256001,SM7673
Q15265605,SM494575
Q15278068,SM257662
Q15285293,SM8253
Q15307583,SM251164
Q15401497,SM255511
Q15407275,SM250423
Q15407277,SM255247
Q15407278,SM250987
Q15407281,SM454394
Q15407282,SM252127
Q15407286,SM487303
Q15407287,SM250170
Q15407289,SM487323
Q15407291,SM468100
Q15407295,SM480768
Q15407296,SM454495
Q15407299,SM250270
Q15407308,SM486404
Q15407323,SM253297
Q15407961,SM495094
Q15474747,SM495708
Q15501579,SM493176
Q15571255,SM481135
Q15618315,SM492304
Q15622107,SM253311
Q15622998,SM496488
Q15623133,SM253411
Q15635055,SM492035
Q15669813,SM252231
Q15676059,SM253639
Q15706185,SM257742
Q15706203,SM256781
Q15712974,SM252306
Q15714615,SM258168
Q15726145,SM254113
Q15735994,SM496387
Q15781413,SM492788
Q15782016,SM495630
Q15783496,SM251627
Q15803933,SM492309
Q15808784,SM8318
Q15811297,SM462015
Q15834630,SM250495
Q15837732,SM250624
Q15840773,SM451090
Q15850412,SM20732
Q15851100,SM8325
Q15859731,SM250383
Q15887967,SM496882
Q15889267,SM493595
Q15900814,SM496239
Q15903071,SM493641
Q15908997,SM496061
Q15914182,SM494524
Q15916991,SM254836
Q15925988,SM8484
Q15926693,SM494246
Q15931678,SM495253
Q15931851,SM488221
Q15931894,SM495622
Q15935197,SM493619
Q15939915,SM8481
Q15965770,SM7606
Q15975286,SM496925
Q15975521,SM494553
Q15978272,SM252697
Q15991880,SM8311
Q16002294,SM7019
Q16007950,SM493637
Q16010063,SM495629
Q16010675,SM492892
Q16031408,SM256777
Q16056040,SM251710
Q16056118,SM250853
Q16056273,SM494968
Q16056282,SM494087
Q16056292,SM480323
Q16056352,SM495119
Q16056353,SM480361
Q16056484,SM495224
Q16056491,SM493902
Q16056519,SM495546
Q16056562,SM257764
Q16056564,SM496961
Q16056578,SM494862
Q16057909,SM480108
Q16057911,SM494520
Q16058103,SM251419
Q16058167,SM494975
Q16058171,SM494998
Q16086148,SM480048
Q16089590,SM496607
Q16102016,SM480958
Q16108686,SM480681
Q16109995,SM254060
Q16110338,SM250861
Q16110373,SM480915
Q16110387,SM251362
Q16110394,SM496172
Q16110410,SM250004
Q16110429,SM494814
Q16110437,SM256062
Q16110688,SM496250
Q16110706,SM496252
Q16110762,SM256885
Q16110764,SM492709
Q16110852,SM496296
Q16111102,SM496002
Q16111385,SM253786
Q16111467,SM494123
Q16111591,SM458207
Q16111708,SM254223
Q16112174,SM496022
Q16112177,SM480613
Q16112230,SM496941
Q16112238,SM496941
Q16112312,SM494591
Q16112349,SM495016
Q16112395,SM251695
Q16112448,SM496753
Q16112463,SM251719
Q16112636,SM255022
Q16112724,SM496663
Q16113079,SM494146
Q16113123,SM252090
Q16113188,SM251084
Q16113227,SM496795
Q16113235,SM494585
Q16113269,SM256190
Q16113341,SM496804
Q16113358,SM496805
Q16113521,SM493367
Q16113733,SM252376
Q16113740,SM493451
Q16113747,SM496114
Q16113830,SM256283
Q16113843,SM256271
Q16114078,SM455300
Q16114090,SM257314
Q16114100,SM455308
Q16114107,SM451135
Q16114114,SM251335
Q16114123,SM493331
Q16114133,SM455312
Q16114142,SM450368
Q16114149,SM455321
Q16114167,SM251553
Q16114184,SM252584
Q16114208,SM255504
Q16114215,SM496453
Q16114223,SM455346
Q16114233,SM455349
Q16114241,SM455350
Q16114251,SM486831
Q16114258,SM256642
Q16114268,SM455359
Q16114286,SM493922
Q16114289,SM493229
Q16114296,SM8123
Q16114306,SM251222
Q16114314,SM450958
Q16114323,SM450365
Q16114749,SM254000
Q16114853,SM254008
Q16114941,SM496350
Q16114951,SM459439
Q16115019,SM494532
Q16115148,SM256461
Q16115165,SM494927
Q16115420,SM494027
Q16115582,SM496701
Q16115601,SM258710
Q16115753,SM493698
Q16115773,SM257172
Q16115881,SM252586
Q16116047,SM7593
Q16116227,SM494568
Q16116351,SM480872
Q16116368,SM494563
Q16116391,SM494564
Q16116545,SM496727
Q16116571,SM495892
Q16116572,SM494867
Q16116615,SM495782
Q16116638,SM494589
Q16116688,SM494272
Q16117176,SM496562
Q16120579,SM495017
Q16123836,SM8117
Q16124960,SM251948
Q16125246,SM257180
Q16129200,SM495956
Q16129257,SM495958
Q16134240,SM256964
Q16135282,SM253329
Q16143007,SM493428
Q16143068,SM496835
Q16143229,SM480522
Q16143279,SM496374
Q16144754,SM252445
Q16144826,SM495136
Q16146422,SM462094
Q16146472,SM454388
Q16146475,SM454388
Q16146483,SM496883
Q16146487,SM493791
Q16146505,SM497043
Q16146510,SM486457
Q16146562,SM494124
Q16146581,SM495760
Q16146626,SM495271
Q16146684,SM495557
Q16146712,SM486591
Q16146800,SM480500
Q16146865,SM494480
Q16146915,SM497026
Q16146968,SM496993
Q16147059,SM494379
Q16147121,SM494987
Q16147131,SM257256
Q16147412,SM496979
Q16147566,SM495303
Q16147708,SM486596
Q16147767,SM496907
Q16147805,SM500799
Q16147830,SM495021
Q16147840,SM495022
Q16147843,SM462111
Q16147847,SM495023
Q16147950,SM496972
Q16148121,SM250739
Q16148205,SM496972
Q16148290,SM494483
Q16148322,SM495415
Q16148330,SM251506
Q16148367,SM253012
Q16148484,SM494940
Q16148510,SM494497
Q16148824,SM494941
Q16149438,SM480628
Q16149615,SM495961
Q16149883,SM494481
Q16150470,SM493541
Q16150492,SM494031
Q16150657,SM495324
Q16150677,SM496937
Q16150729,SM258321
Q16150764,SM258321
Q16150784,SM258321
Q16150798,SM495297
Q16150799,SM258321
Q16150883,SM497037
Q16150922,SM494518
Q16150981,SM495100
Q16151010,SM495199
Q16151039,SM496287
Q16151047,SM494487
Q16151076,SM250864
Q16151087,SM496940
Q16151143,SM480889
Q16151158,SM495310
Q16151177,SM495493
Q16151185,SM494276
Q16151187,SM495309
Q16151202,SM494277
Q16151208,SM486473
Q16151225,SM486473
Q16151228,SM495205
Q16151239,SM7552
Q16151308,SM462157
Q16151343,SM254118
Q16151362,SM258587
Q16151382,SM257807
Q16151422,SM495744
Q16151448,SM493652
Q16151496,SM493818
Q16151498,SM494304
Q16151506,SM495805
Q16151528,SM494495
Q16151545,SM450365
Q16151567,SM495298
Q16151568,SM7656
Q16151582,SM496886
Q16151592,SM495794
Q16151593,SM495307
Q16151596,SM495291
Q16152130,SM496972
Q16152135,SM496972
Q16152140,SM495163
Q16152154,SM486574
Q16152160,SM480154
Q16152165,SM495048
Q16152170,SM7599
Q16152171,SM496881
Q16152176,SM495052
Q16152205,SM495313
Q16152214,SM306077
Q16152229,SM493916
Q16152248,SM486519
Q16152296,SM495306
Q16152305,SM494981
Q16152313,SM480221
Q16152354,SM496973
Q16152411,SM494769
Q16152474,SM495440
Q16152485,SM495173
Q16152496,SM493914
Q16152519,SM495294
Q16152599,SM495272
Q16152600,SM494979
Q16152605,SM494176
Q16152613,SM494180
Q16152632,SM8257
Q16152691,SM494198
Q16152768,SM495274
Q16152773,SM258321
Q16152774,SM494215
Q16152785,SM495275
Q16152811,SM495024
Q16152824,SM493649
Q16152842,SM495014
Q16153471,SM495946
Q16153500,SM496958
Q16153550,SM495304
Q16153682,SM494603
Q16153737,SM494982
Q16153746,SM494983
Q16153767,SM494986
Q16153771,SM494992
Q16153781,SM494999
Q16153808,SM493425
Q16155551,SM493475
Q16157852,SM493411
Q16158833,SM495875
Q16160825,SM492310
Q16169673,SM492311
Q16171833,SM492312
Q16174395,SM250430
Q16191447,SM495170
Q16191655,SM492716
Q16191886,SM487069
Q16191909,SM486566
Q16191911,SM494609
Q16191961,SM494812
Q16197353,SM486468
Q16197445,SM495308
Q16197531,SM494700
Q16200691,SM496973
Q16200736,SM495110
Q16200745,SM495434
Q16200984,SM496958
Q16201253,SM493892
Q16201265,SM494049
Q16201308,SM253042
Q16201411,SM495115
Q16201833,SM252411
Q16201844,SM7623
Q16201940,SM495917
Q16202163,SM486567
Q16202202,SM494865
Q16202212,SM496948
Q16202231,SM496898
Q16202252,SM486563
Q16202263,SM495815
Q16204670,SM493374
Q16207474,SM495398
Q16208338,SM496876
Q16209005,SM256009
Q16209100,SM250102
Q16209245,SM480355
Q16209536,SM493337
Q16209635,SM253063
Q16209668,SM458777
Q16209713,SM458645
Q16210339,SM459045
Q16210453,SM254545
Q16210895,SM255794
Q16211292,SM252079
Q16211347,SM254039
Q16211435,SM495025
Q16211790,SM251586
Q16211864,SM256383
Q16211886,SM458142
Q16211926,SM258598
Q16211945,SM494065
Q16212081,SM254608
Q16212135,SM254653
Q16212142,SM254723
Q16212373,SM251673
Q16212413,SM493440
Q16213004,SM255542
Q16213051,SM493489
Q16240911,SM495005
Q16242047,SM480327
Q16242432,SM494125
Q16242466,SM255816
Q16242628,SM495980
Q16247283,SM252550
Q16249205,SM496980
Q16249399,SM493485
Q16251264,SM251403
Q16253067,SM496880
Q16253754,SM255403
Q16257169,SM252736
Q16259037,SM495118
Q16259078,SM494725
Q16305007,SM496692
Q16308068,SM8552
Q16311621,SM496961
Q16311825,SM258368
Q16311831,SM258368
Q16362007,SM255279
Q16402886,SM494179
Q16444882,SM494458
Q16458678,SM494456
Q16465908,SM450321
Q16478535,SM494460
Q16479735,SM251913
Q16482264,SM495833
Q16491220,SM493452
Q16498551,SM493426
Q16511501,SM481001
Q16518401,SM493159
Q16534683,SM493046
Q16535907,SM252103
Q16578781,SM495859
Q16578796,SM495055
Q16605288,SM8223
Q16610751,SM496500
Q16622980,SM481081
Q16622991,SM257352
Q16622993,SM253925
Q16626279,SM495026
Q16639243,SM487068
Q16639588,SM493781
Q16640584,SM8277
Q16643256,SM493035
Q16645780,SM496194
Q16647636,SM250455
Q16654051,SM496816
Q16656838,SM7717
Q16666279,SM492781
Q16668955,SM252103
Q16671807,SM495633
Q16674300,SM255612
Q16675880,SM495208
Q16676001,SM496634
Q16680007,SM496570
Q16682418,SM492315
Q16685860,SM252103
Q16691155,SM496597
Q16699315,SM8093
Q16702592,SM496915
Q16707038,SM250764
Q16723516,SM252908
Q16733413,SM7975
Q16733596,SM493896
Q16733600,SM496921
Q16740063,SM251734
Q16761398,SM494736
Q16799549,SM7603
Q16821017,SM252060
Q16821119,SM486542
Q16821688,SM494643
Q16822129,SM496973
Q16823244,SM252347
Q16828261,SM494396
Q16829123,SM494521
Q16833621,SM486530
Q16836741,SM496989
Q16838181,SM455324
Q16838454,SM494957
Q16847147,SM494838
Q16847401,SM495536
Q16848277,SM495098
Q16849926,SM496925
Q16850200,SM254177
Q16858654,SM450972
Q16858959,SM494871
Q16863542,SM253428
Q16865228,SM496407
Q16866186,SM494942
Q16869068,SM255754
Q16869478,SM7181
Q16870431,SM253000
Q16871343,SM254608
Q16877776,SM256149
Q16880242,SM487478
Q16882745,SM250502
Q16883066,SM257484
Q16884915,SM253067
Q16900704,SM495512
Q16911412,SM496937
Q16911557,SM258774
Q16911573,SM253666
Q16916304,SM495412
Q16917143,SM494366
Q16917949,SM256721
Q16918494,SM495524
Q16919329,SM253832
Q16920240,SM496280
Q16920608,SM487182
Q16920689,SM253918
Q16924434,SM495902
Q16926194,SM496413
Q16927645,SM496503
Q16930512,SM253774
Q16930736,SM256338
Q16930768,SM487865
Q16930845,SM6908
Q16931065,SM493785
Q16931814,SM494768
Q16931848,SM253629
Q16931963,SM255396
Q16932109,SM496431
Q16932122,SM454380
Q16932461,SM256081
Q16932703,SM480877
Q16932776,SM497054
Q16932968,SM493529
Q16933529,SM493408
Q16933824,SM255206
Q16935345,SM494522
Q16937082,SM258737
Q16938516,SM255354
Q16938759,SM252040
Q16941435,SM487891
Q16942242,SM487871
Q16943234,SM494901
Q16947195,SM487884
Q16947418,SM495797
Q16948122,SM496926
Q16948561,SM494128
Q16950006,SM486539
Q16950333,SM493633
Q16950364,SM497048
Q16950972,SM496909
Q16952200,SM492963
Q16954226,SM493712
Q16955076,SM497021
Q16956759,SM495796
Q16957662,SM496882
Q16957800,SM496880
Q16958365,SM496925
Q16960836,SM494177
Q16961569,SM493956
Q16961585,SM495616
Q16963452,SM255505
Q16964374,SM495471
Q16965484,SM494257
Q16965502,SM493110
Q16965528,SM496472
Q16965821,SM257703
Q16966340,SM494187
Q16966387,SM487501
Q16968806,SM495164
Q16969342,SM494749
Q16969458,SM7636
Q16969726,SM496877
Q16970206,SM495283
Q16971253,SM494001
Q16971421,SM495754
Q16971728,SM496935
Q16973702,SM254823
Q16974367,SM494972
Q16974550,SM494423
Q16976166,SM251410
Q16977273,SM250455
Q16977364,SM495053
Q16979075,SM494050
Q16979275,SM495065
Q16979305,SM258222
Q16980704,SM496989
Q16982652,SM253682
Q16983082,SM493844
Q16984871,SM495842
Q16986064,SM495108
Q16987447,SM496906
Q16988987,SM480545
Q16998330,SM494393
Q16999169,SM257257
Q17001812,SM494066
Q17001883,SM494074
Q17002731,SM7032
Q17003978,SM494438
Q17004540,SM494775
Q17004635,SM251752
Q17004716,SM494550
Q17005022,SM253808
Q17005138,SM496440
Q17005519,SM495122
Q17005677,SM253506
Q17006075,SM494815
Q17006311,SM496922
Q17007280,SM494440
Q17007336,SM254617
Q17007494,SM493506
Q17007655,SM255069
Q17007678,SM496885
Q17007687,SM496885
Q17007884,SM256078
Q17007896,SM496885
Q17008941,SM493898
Q17009274,SM251176
Q17009561,SM8530
Q17009747,SM494010
Q17009948,SM493477
Q17009991,SM493646
Q17010525,SM257194
Q17011475,SM251185
Q17011763,SM8515
Q17011930,SM256144
Q17011991,SM494556
Q17012119,SM306057
Q17012319,SM496906
Q17012628,SM495332
Q17013259,SM495330
Q17013592,SM256785
Q17014615,SM255214
Q17014884,SM493490
Q17015980,SM257183
Q17017179,SM495191
Q17017869,SM480907
Q17018217,SM495500
Q17018497,SM257455
Q17020258,SM497010
Q17020277,SM496951
Q17020537,SM257672
Q17020551,SM495162
Q17021402,SM495818
Q17023116,SM494653
Q17023216,SM257858
Q17024905,SM495618
Q17025021,SM496050
Q17026179,SM494523
Q17027468,SM6056
Q17034960,SM481061
Q17035024,SM493661
Q17040487,SM495526
Q17041292,SM496961
Q17041460,SM493700
Q17041644,SM496789
Q17045028,SM497027
Q17048794,SM494340
Q17049006,SM496886
Q17051198,SM255324
Q17051996,SM495428
Q17052722,SM495192
Q17052864,SM255783
Q17052874,SM496989
Q17053108,SM496886
Q17053724,SM487367
Q17053913,SM253668
Q17054260,SM480749
Q17054295,SM496892
Q17054305,SM253764
Q17055023,SM493504
Q17055521,SM494824
Q17055655,SM494172
Q17055827,SM254080
Q17055843,SM487464
Q17056401,SM495285
Q17056403,SM7666
Q17056404,SM495131
Q17056773,SM257989
Q17056825,SM493958
Q17059254,SM254326
Q17059270,SM254191
Q17059523,SM254422
Q17059891,SM460875
Q17060227,SM255040
Q17060246,SM493660
Q17060902,SM255051
Q17061606,SM255547
Q17061704,SM492038
Q17062403,SM494544
Q17062439,SM493644
Q17062461,SM494543
Q17062998,SM256172
Q17063138,SM258203
Q17063699,SM6906
Q17064006,SM256684
Q17065736,SM254262
Q17067623,SM7715
Q17069722,SM257444
Q17070372,SM480074
Q17071030,SM257600
Q17072635,SM254006
Q17072693,SM7397
Q17072958,SM256707
Q17073179,SM259936
Q17073583,SM250183
Q17074661,SM254465
Q17076694,SM254010
Q17078814,SM497089
Q17078871,SM8245
Q17079359,SM496895
Q17084559,SM496217
Q17084690,SM496992
Q17088214,SM257839
Q17088750,SM480950
Q17089707,SM494112
Q17090655,SM258103
Q17091328,SM492726
Q17103448,SM258189
Q17103818,SM495853
Q17108335,SM258777
Q17108738,SM495161
Q17108984,SM253082
Q17109068,SM250888
Q17109078,SM8143
Q17109098,SM250165
Q17109110,SM254739
Q17109335,SM257777
Q17109664,SM250999
Q17110031,SM250915
Q17110101,SM258468
Q17111069,SM495090
Q17131122,SM493862
Q17133968,SM493392
Q17142450,SM493865
Q17143450,SM256075
Q17148826,SM258310
Q17214166,SM487791
Q17254542,SM252190
Q17260229,SM494827
Q17276517,SM492626
Q17279642,SM255019
Q17301033,SM495930
Q17312193,SM256650
Q17315090,SM256403
Q17370580,SM8478
Q17409176,SM253299
Q17412891,SM492663
Q17419175,SM462048
Q17462398,SM252103
Q17492840,SM494104
Q17493384,SM493885
Q17507098,SM252831
Q17507323,SM496947
Q17507337,SM480221
Q17507339,SM497007
Q17507345,SM497002
Q17507379,SM494313
Q17510544,SM495720
Q17513449,SM494741
Q17583251,SM257239
Q17632198,SM250992
Q17634751,SM496941
Q17636351,SM494489
Q17642903,SM496877
Q17985547,SM496836
Q18001550,SM457913
Q18125962,SM493495
Q18127012,SM486557
Q18127015,SM255079
Q18148983,SM493792
Q18149439,SM494025
Q18165063,SM494384
Q18165768,SM494428
Q18165991,SM494519
Q18166476,SM257869
Q18166562,SM494899
Q18166681,SM496942
Q18167554,SM496894
Q18203040,SM494193
Q18204558,SM253247
Q18204593,SM494906
Q18205255,SM8419
Q18205335,SM492808
Q18209394,SM495202
Q18210188,SM494730
Q18210621,SM251138
Q18210797,SM496894
Q18210802,SM256650
Q18210905,SM257180
Q18211076,SM257782
Q18217290,SM494798
Q18223620,SM494958
Q18237997,SM495637
Q18242017,SM493522
Q18242829,SM493521
Q18276513,SM495843
Q18279930,SM493236
Q18324498,SM494305
Q18326235,SM496960
Q18327106,SM494626
Q18331412,SM492318
Q18343999,SM255749
Q18344146,SM496894
Q18345344,SM480152
Q18345676,SM496885
Q18349467,SM493919
Q18352116,SM306066
Q18353708,SM480139
Q18354676,SM496037
Q18356677,SM255630
Q18358237,SM480952
Q18364327,SM493968
Q18378253,SM497020
Q18378261,SM480558
Q18384884,SM494016
Q18386945,SM495716
Q18387806,SM254612
Q18389080,SM256067
Q18390249,SM251126
Q18391114,SM251222
Q18393189,SM496960
Q18393236,SM496683
Q18393555,SM494238
Q18394028,SM7563
Q18395990,SM258715
Q18406894,SM252103
Q18407985,SM493969
Q18410449,SM493749
Q18410757,SM7873
Q18411360,SM250210
Q18418487,SM253442
Q18418490,SM253442
Q18420435,SM492913
Q18449340,SM495793
Q18516396,SM496894
Q18536071,SM255874
Q18538772,SM492909
Q18578862,SM255509
Q18599179,SM486132
Q18600381,SM8789
Q18611721,SM7326
Q18628787,SM496412
Q18629285,SM461944
Q18629876,SM256871
Q18630684,SM7874
Q18638500,SM492320
Q18644247,SM496992
Q18653710,SM496799
Q18690605,SM495792
Q18690619,SM493613
Q18690686,SM495889
Q18690772,SM495890
Q18691073,SM495891
Q18694080,SM494195
Q18707533,SM494728
Q18712738,SM496985
Q18746344,SM450356
Q18750154,SM496949
Q18819339,SM496996
Q18887988,SM494738
Q18958544,SM252760
Q18959432,SM496916
Q19058275,SM251615
Q19094474,SM494527
Q19296178,SM461994
Q19360831,SM494735
Q19364230,SM492323
Q19543930,SM250523
Q19544974,SM493746
Q19568872,SM495027
Q19568891,SM495860
Q19582886,SM253344
Q19588724,SM496925
Q19606702,SM252205
Q19613369,SM496975
Q19645972,SM494837
Q19646070,SM496884
Q19646299,SM255969
Q19646319,SM257848
Q19679016,SM253026
Q19681869,SM450435
Q19696631,SM495771
Q19707895,SM480019
Q19711373,SM494186
Q19713220,SM250105
Q19713499,SM492324
Q19713828,SM493039
Q19713894,SM492325
Q19714818,SM492326
Q19714905,SM492327
Q19715044,SM495367
Q19715161,SM492601
Q19715598,SM493796
Q19716773,SM492328
Q19717013,SM493676
Q19717829,SM500136
Q19720507,SM487064
Q19721287,SM496989
Q19739832,SM496589
Q19741679,SM497502
Q19741695,SM462044
Q19741697,SM8348
Q19748569,SM494596
Q19748572,SM8406
Q19748577,SM480618
Q19748579,SM496438
Q19748582,SM493647
Q19748586,SM496549
Q19805672,SM253430
Q19806565,SM254200
Q19831612,SM255292
Q19832690,SM495525
Q19840043,SM496880
Q19840237,SM254004
Q19840376,SM495733
Q19840401,SM450964
Q19840402,SM496880
Q19840631,SM496880
Q19843310,SM492329
Q19848628,SM496939
Q19855245,SM493642
Q19855401,SM496162
Q19855569,SM493622
Q19855903,SM493623
Q19856241,SM496780
Q19860871,SM496996
Q19863724,SM495407
Q19865353,SM251060
Q19865994,SM250946
Q19868362,SM495787
Q19869424,SM495551
Q19869428,SM494174
Q19869465,SM306077
Q19869480,SM495809
Q19870022,SM253299
Q19873032,SM255959
Q19873203,SM495257
Q19875748,SM494175
Q19875778,SM493991
Q19875791,SM493911
Q19875967,SM256021
Q19876891,SM493564
Q19877240,SM493570
Q19879060,SM461492
Q19879652,SM480576
Q19879763,SM480042
Q19881650,SM252459
Q19882069,SM251701
Q19882216,SM251907
Q19882231,SM251984
Q19887875,SM494281
Q19891906,SM486419
Q19891911,SM496652
Q19891956,SM495359
Q19892312,SM254264
Q19892420,SM493979
Q19892543,SM254456
Q19892800,SM496925
Q19893068,SM495178
Q19893274,SM486583
Q19893418,SM494395
Q19893519,SM253299
Q19893522,SM253299
Q19893526,SM496905
Q19893957,SM256785
Q19894539,SM257212
Q19895027,SM497010
Q19895245,SM493935
Q19895325,SM480495
Q19895689,SM494712
Q19898687,SM255477
Q19899132,SM460450
Q19903733,SM252595
Q19921451,SM492862
Q19936358,SM493111
Q19945979,SM450772
Q20002860,SM492820
Q20010146,SM257180
Q20016888,SM496927
Q20020828,SM492331
Q20021560,SM496992
Q20022384,SM255896
Q20024562,SM254127
Q20036594,SM494639
Q20036777,SM494612
Q20037671,SM258074
Q20050751,SM480941
Q20050777,SM258725
Q20065054,SM493774
Q20086424,SM7317
Q20100829,SM254271
Q20100853,SM495740
Q20101034,SM255471
Q20101096,SM255607
Q20101296,SM250541
Q20101469,SM496572
Q20101897,SM493805
Q20102188,SM493807
Q20102301,SM492938
Q20102716,SM492332
Q20102781,SM492333
Q20103258,SM492334
Q20103264,SM492335
Q20103541,SM492336
Q20103741,SM492337
Q20104120,SM492338
Q20104668,SM492339
Q20104819,SM493095
Q20105046,SM492340
Q20105391,SM492341
Q20107045,SM492639
Q20107272,SM251824
Q20107749,SM492174
Q20107792,SM492342
Q20107842,SM492343
Q20108067,SM492606
Q20108070,SM492344
Q20108167,SM492828
Q20108222,SM492345
Q20108439,SM492599
Q20108654,SM492346
Q20108655,SM492347
Q20108924,SM492348
Q20108970,SM492349
Q20108984,SM492682
Q20108990,SM492350
Q20109206,SM492351
Q20119113,SM487588
Q20164451,SM496880
Q20164872,SM495376
Q20196435,SM495608
Q20251258,SM493423
Q20310073,SM492917
Q20310147,SM254515
Q20310183,SM496331
Q20310241,SM496444
Q20310254,SM492633
Q20310302,SM256456
Q20310314,SM256621
Q20310394,SM8316
Q20386857,SM496876
Q20399020,SM494860
Q20405924,SM497014
Q20419160,SM306069
Q20422821,SM493511
Q20438450,SM496996
Q20455383,SM462108
Q20498017,SM257947
Q20498822,SM493145
Q20501334,SM257869
Q20507202,SM493971
Q20524990,SM494138
Q20526143,SM8284
Q20526144,SM258724
Q20526146,SM450962
Q20526328,SM250767
Q20526396,SM462145
Q20526697,SM494136
Q20526978,SM462145
Q20527318,SM251708
Q20527404,SM496075
Q20547844,SM495647
Q20556994,SM495058
Q20560682,SM254319
Q20577581,SM480642
Q20577955,SM496228
Q20604296,SM493850
Q20604648,SM496258
Q20605596,SM250939
Q20605664,SM250634
Q20605963,SM493455
Q20606226,SM496837
Q20609003,SM255142
Q20611350,SM487501
Q20613933,SM496088
Q20624049,SM494595
Q20645205,SM257803
Q20646047,SM497001
Q20681403,SM480226
Q20707776,SM496973
Q20715263,SM494881
Q20715890,SM495284
Q20716071,SM462056
Q20716551,SM496880
Q20716621,SM493205
Q20716798,SM494732
Q20739561,SM495498
Q20743454,SM496926
Q20747504,SM8126
Q20747545,SM7589
Q20771255,SM494687
Q20787708,SM497001
Q20817366,SM487066
Q20850986,SM496996
Q20855055,SM250841
Q20859301,SM496985
Q20894672,SM495347
Q20948942,SM492352
Q20970137,SM495028
Q20972039,SM496960
Q20981280,SM495075
Q20981303,SM493874
Q20981669,SM496885
Q20982865,SM258715
Q20983155,SM495812
Q20983971,SM254326
Q20984180,SM496880
Q20987630,SM255070
Q20987631,SM496894
Q20987657,SM258715
Q20987658,SM258715
Q20987659,SM258715
Q20987660,SM258715
Q20987661,SM258715
Q20987839,SM496926
Q20987881,SM496885
Q20987898,SM496926
Q20988499,SM256916
Q20988562,SM258715
Q20988580,SM251733
Q20988644,SM480390
Q20998243,SM258525
Q21005859,SM496915
Q21006110,SM493466
Q21006705,SM458096
Q21014406,SM496885
Q21014412,SM496960
Q21029694,SM250739
Q21029714,SM257180
Q21039413,SM250739
Q21039415,SM258818
Q21039429,SM253299
Q21039443,SM257180
Q21044244,SM493842
Q21044912,SM492353
Q21045463,SM492354
Q21045473,SM492355
Q21045479,SM492356
Q21055407,SM495913
Q21062179,SM253247
Q21062180,SM253247
Q21070821,SM494371
Q21070997,SM494697
Q21074781,SM8111
Q21075149,SM493155
Q21075240,SM492684
Q21075243,SM492357
Q21075244,SM251032
Q21075245,SM492358
Q21075246,SM250388
Q21075247,SM7967
Q21075248,SM7975
Q21075249,SM492359
Q21075250,SM7972
Q21075253,SM492360
Q21075257,SM492361
Q21075258,SM492362
Q21075260,SM492363
Q21075261,SM492364
Q21075262,SM492733
Q21075264,SM494247
Q21075265,SM492365
Q21075266,SM492366
Q21075267,SM480558
Q21075268,SM492367
Q21075269,SM492368
Q21075274,SM257501
Q21075275,SM492610
Q21075288,SM251808
Q21075291,SM492657
Q21075292,SM492660
Q21075293,SM250252
Q21075295,SM255397
Q21075296,SM492369
Q21075297,SM492658
Q21075298,SM492370
Q21075300,SM496709
Q21075301,SM481063
Q21075302,SM492371
Q21075303,SM492372
Q21075304,SM492373
Q21075518,SM492374
Q21075551,SM258452
Q21076371,SM481104
Q21076440,SM7986
Q21076486,SM492375
Q21076547,SM492376
Q21076562,SM492377
Q21081231,SM492378
Q21081636,SM450973
Q21081820,SM451147
Q21082226,SM450530
Q21082242,SM492379
Q21082676,SM495806
Q21082704,SM493045
Q21082708,SM7637
Q21082729,SM492380
Q21082737,SM492512
Q21082753,SM492382
Q21082777,SM492383
Q21082872,SM492089
Q21082943,SM451091
Q21083029,SM492384
Q21084293,SM461934
Q21084325,SM487568
Q21084374,SM480968
Q21084400,SM450767
Q21084404,SM250961
Q21085938,SM492385
Q21085954,SM492386
Q21085977,SM492387
Q21086007,SM492388
Q21086104,SM492389
Q21086191,SM492390
Q21086288,SM492391
Q21086304,SM492707
Q21086315,SM492392
Q21086317,SM492590
Q21086357,SM492702
Q21086649,SM492394
Q21086670,SM492968
Q21086682,SM492396
Q21086763,SM492397
Q21087056,SM492398
Q21087113,SM496839
Q21087291,SM492399
Q21087326,SM493127
Q21087546,SM492400
Q21087685,SM492401
Q21088393,SM492402
Q21088405,SM492969
Q21088743,SM492403
Q21091247,SM492404
Q21091387,SM492405
Q21092622,SM492406
Q21095131,SM493017
Q21095133,SM495789
Q21095180,SM492407
Q21095215,SM492322
Q21095832,SM492408
Q21095846,SM492685
Q21096477,SM495217
Q21097824,SM8772
Q21099409,SM492409
Q21099411,SM492410
Q21099431,SM487270
Q21126886,SM487334
Q21126918,SM250685
Q21126941,SM253294
Q21152925,SM255680
Q21156324,SM494265
Q21176622,SM497014
Q21192824,SM250006
Q21234685,SM492411
Q21244828,SM494615
Q21244968,SM495528
Q21262886,SM492603
Q21448756,SM251482
Q21452244,SM255435
Q21452466,SM257262
Q21475505,SM252469
Q21492021,SM252378
Q21493367,SM253147
Q21493879,SM258346
Q21494444,SM253118
Q21502264,SM253099
Q21502265,SM253106
Q21506638,SM254575
Q21507684,SM254576
Q21507852,SM255812
Q21508414,SM6964
Q21509353,SM497101
Q21509354,SM252267
Q21509527,SM257390
Q21530056,SM7426
Q21530541,SM256956
Q21530569,SM492652
Q21530673,SM480859
Q21530882,SM252738
Q21530911,SM492650
Q21546008,SM492914
Q21556404,SM492942
Q21569169,SM492651
Q21569170,SM492653
Q21601072,SM496960
Q21639991,SM493398
Q21652255,SM6922
Q21655280,SM253428
Q21655492,SM255232
Q21655865,SM494357
Q21656784,SM496840
Q21656868,SM257869
Q21679142,SM496876
Q21684559,SM495424
Q21809318,SM250222
Q21849618,SM259886
Q21849635,SM250032
Q21849640,SM492714
Q21849641,SM256331
Q21849679,SM255281
Q21872034,SM255037
Q21953169,SM495814
Q21993505,SM255969
Q21999799,SM495190
Q21999933,SM496980
Q22077017,SM250882
Q22079086,SM480377
Q22079326,SM496644
Q22083533,SM254064
Q22088859,SM256897
Q22091539,SM257180
Q22123990,SM494337
Q22132744,SM253297
Q22639430,SM251428
Q22689980,SM497014
Q22694891,SM8299
Q22713759,SM495085
Q22814303,SM254442
Q22893418,SM251943
Q22893424,SM255790
Q22935834,SM256650
Q22948447,SM250739
Q22948456,SM250739
Q22948461,SM495082
Q22948585,SM496960
Q22948591,SM257180
Q22948600,SM257180
Q22948772,SM496972
Q22948924,SM496885
Q22948931,SM496885
Q22961968,SM250849
Q22974622,SM492948
Q22988248,SM8320
Q23017648,SM6978
Q23017719,SM450483
Q23017726,SM252002
Q23024802,SM495906
Q23498974,SM492704
Q23808317,SM450324
Q23808457,SM464096
Q24007826,SM495845
Q24014808,SM8831
Q24088163,SM255426
Q24090240,SM255795
Q24189166,SM258759
Q24189294,SM459193
Q24190280,SM258630
Q24204920,SM496987
Q24233981,SM487295
Q24251288,SM480784
Q24251468,SM252893
Q24260620,SM492697
Q24260648,SM250469
Q24283561,SM493667
Q24286916,SM462030
Q24287236,SM462016
Q24287245,SM493467
Q24287310,SM496084
Q24287360,SM496179
Q24331675,SM257180
Q24340572,SM496279
Q24340581,SM254590
Q24380330,SM257273
Q24380671,SM252645
Q24382274,SM496640
Q24383165,SM494816
Q24383316,SM496351
Q24383458,SM496445
Q24383496,SM480881
Q24385790,SM497708
Q24387986,SM496682
Q24388136,SM495971
Q24388536,SM8379
Q24388902,SM496642
Q24390011,SM496435
Q24391564,SM495977
Q24391781,SM497446
Q24392318,SM251467
Q24392637,SM497715
Q24392749,SM495994
Q24392750,SM493253
Q24400058,SM496428
Q24401771,SM480144
Q24401944,SM493424
Q24402055,SM493424
Q24402195,SM496842
Q24402432,SM496311
Q24402659,SM480124
Q24444541,SM496065
Q24444793,SM494084
Q24444911,SM496306
Q24445068,SM495999
Q24445091,SM496140
Q24445178,SM496710
Q24451973,SM480185
Q24610570,SM258379
Q24841286,SM495900
Q24841654,SM495901
Q24879625,SM496437
Q24895750,SM488211
Q24897283,SM492783
Q24906284,SM251696
Q24906504,SM496336
Q24906505,SM496697
Q24909900,SM496918
Q24912103,SM496918
Q24930701,SM253058
Q24934521,SM497032
Q24934911,SM253428
Q24939323,SM496398
Q24943712,SM487621
Q24945036,SM254381
Q24948368,SM253125
Q24950097,SM8299
Q24950367,SM252847
Q24961333,SM496941
Q24976269,SM496978
Q24976321,SM497013
Q24998503,SM487188
Q25039528,SM250172
Q25039532,SM253608
Q25039574,SM250317
Q25039594,SM496946
Q25039612,SM495854
Q25039884,SM7409
Q25041223,SM451097
Q25044811,SM492193
Q25045382,SM257721
Q25045392,SM252548
Q25046205,SM496913
Q25048776,SM495752
Q25050710,SM495063
Q25050766,SM256011
Q25051127,SM250658
Q25051447,SM496315
Q25053962,SM480875
Q25059021,SM496958
Q25059079,SM486436
Q25059389,SM496909
Q25080749,SM258074
Q25114320,SM253080
Q25114833,SM256179
Q25185004,SM251851
Q25197529,SM496996
Q25197771,SM496996
Q25210872,SM250412
Q25302519,SM254719
Q25302848,SM252706
Q25339829,SM495438
Q25345189,SM251862
Q25351821,SM250866
Q25352442,SM492820
Q25378207,SM493829
Q25378856,SM257658
Q25381266,SM493872
Q25382529,SM250381
Q25383071,SM256031
Q25383996,SM253960
Q25385188,SM256451
Q25391592,SM492968
Q25391803,SM495644
Q25392601,SM250192
Q25394168,SM496455
Q25394448,SM6639
Q25394632,SM7515
Q25394637,SM256924
Q25395089,SM256284
Q25395416,SM468093
Q25395481,SM481003
Q25395569,SM250773
Q25395578,SM250346
Q25419413,SM497007
Q25423933,SM496294
Q25424719,SM494285
Q25427533,SM496920
Q25443248,SM492924
Q25449421,SM492421
Q25450424,SM462056
Q25454751,SM497014
Q25455112,SM497009
Q25459134,SM258138
Q25460973,SM8431
Q25463856,SM496942
Q25464431,SM8361
Q25465538,SM253960
Q25468596,SM252003
Q25468599,SM493671
Q25469998,SM496755
Q25475100,SM480833
Q25483486,SM495919
Q25485014,SM259926
Q25512275,SM496974
Q25559563,SM253194
Q25564711,SM494566
Q25569107,SM496985
Q25571252,SM496985
Q25585049,SM255142
Q25618977,SM496416
Q25632735,SM487841
Q25659458,SM480745
Q25662167,SM487415
Q25682200,SM252906
Q25682777,SM259953
Q25688688,SM8038
Q25807194,SM492425
Q26000691,SM6983
Q26085039,SM254038
Q26085464,SM258140
Q26160681,SM494217
Q26160683,SM253529
Q26160684,SM494218
Q26160701,SM493456
Q26162190,SM255274
Q26162455,SM495567
Q26162458,SM495568
Q26205191,SM493693
Q26205197,SM495250
Q26205287,SM495569
Q26205289,SM8406
Q26205290,SM495570
Q26205291,SM495571
Q26205335,SM495572
Q26205341,SM495573
Q26205358,SM495574
Q26205394,SM480661
Q26205403,SM495251
Q26205406,SM495575
Q26205410,SM495252
Q26205411,SM495576
Q26205449,SM495577
Q26205514,SM495578
Q26205525,SM8403
Q26205528,SM8402
Q26205540,SM8385
Q26205545,SM495579
Q26205559,SM495580
Q26233912,SM496806
Q26236542,SM493664
Q26236550,SM496020
Q26236579,SM496101
Q26236604,SM256212
Q26236610,SM496183
Q26236637,SM487496
Q26236656,SM493976
Q26236659,SM496309
Q26236661,SM254309
Q26236670,SM496323
Q26238060,SM493977
Q26238069,SM480541
Q26238072,SM495340
Q26238099,SM480619
Q26238110,SM255612
Q26238114,SM496460
Q26238116,SM496464
Q26238119,SM480606
Q26238124,SM496290
Q26238125,SM487564
Q26238142,SM254532
Q26238143,SM496498
Q26238210,SM8353
Q26238218,SM480932
Q26238248,SM496732
Q26238251,SM496738
Q26238266,SM496754
Q26238273,SM496757
Q26238280,SM258549
Q26238290,SM480483
Q26239490,SM8397
Q26239505,SM496606
Q26240560,SM496454
Q26240562,SM496092
Q26240569,SM496282
Q26240571,SM496318
Q26240572,SM496325
Q26240573,SM21030
Q26240575,SM257294
Q26240576,SM496376
Q26240578,SM487557
Q26240584,SM496843
Q26240803,SM252556
Q26240932,SM252556
Q26240944,SM496672
Q26240957,SM496565
Q26241011,SM496100
Q26241140,SM480795
Q26241178,SM252128
Q26241182,SM8725
Q26241183,SM493677
Q26241184,SM496305
Q26241197,SM496563
Q26241203,SM258076
Q26241206,SM496761
Q26242348,SM480426
Q26242364,SM496303
Q26242366,SM494789
Q26242382,SM487596
Q26242401,SM481008
Q26242415,SM487596
Q26242423,SM496421
Q26242435,SM7579
Q26242471,SM496080
Q26242477,SM496308
Q26242483,SM461971
Q26242484,SM487208
Q26242486,SM493457
Q26242581,SM496330
Q26242801,SM496099
Q26242919,SM496534
Q26242923,SM496569
Q26242935,SM253326
Q26242936,SM8351
Q26258854,SM494149
Q26736404,SM495249
Q26742090,SM492481
Q26879056,SM495896
Q27266615,SM6970
Q27519154,SM258797
Q27621743,SM493435
Q27688756,SM8278
Q27691829,SM256857
Q27691848,SM255806
Q27691897,SM253339
Q27701650,SM8397
Q27824089,SM8369
Q27870164,SM7573
Q27961857,SM251882
Q27962657,SM250761
Q27963426,SM496885
Q27963681,SM258034
Q27966721,SM496762
Q27980540,SM493444
Q27980791,SM495030
Q27988158,SM493575
Q28000872,SM492871
Q28035280,SM487616
Q28109723,SM494477
Q28110038,SM493853
Q28128832,SM258635
Q28132736,SM255471
Q28135144,SM253266
Q28135543,SM496417
Q28135708,SM496960
Q28136123,SM7804
Q28136654,SM492406
Q28136700,SM256585
Q28136738,SM496996
Q28151200,SM496908
Q28151255,SM480139
Q28153962,SM495218
Q28162723,SM494948
Q28162726,SM495292
Q28162732,SM493819
Q28164084,SM252487
Q28164189,SM7689
Q28169531,SM496894
Q28169586,SM496926
Q28169592,SM255328
Q28170202,SM256742
Q28170206,SM255032
Q28173656,SM251905
Q28174017,SM254821
Q28176012,SM255498
Q28179970,SM253116
Q28180907,SM481127
Q28180963,SM494159
Q28180964,SM494190
Q28183854,SM255024
Q28187074,SM494245
Q28187091,SM496880
Q28187167,SM496880
Q28195536,SM480871
Q28197147,SM495186
Q28208771,SM250857
Q28219445,SM256823
Q28219727,SM257988
Q28219742,SM459152
Q28219748,SM253490
Q28219777,SM254472
Q28219821,SM496960
Q28219832,SM256269
Q28219974,SM493811
Q28220112,SM459145
Q28220115,SM256405
Q28220127,SM258594
Q28220396,SM496960
Q28220411,SM496960
Q28220529,SM496885
Q28221043,SM253527
Q28221046,SM480399
Q28221067,SM493624
Q28222058,SM496960
Q28223190,SM254059
Q28223456,SM493430
Q28223677,SM495054
Q28224385,SM255198
Q28224387,SM254288
Q28224451,SM258476
Q28224481,SM258595
Q28224503,SM254404
Q28224505,SM459198
Q28224525,SM459310
Q28224574,SM458803
Q28224599,SM255965
Q28224663,SM258690
Q28224701,SM253322
Q28225091,SM256280
Q28225094,SM459199
Q28225101,SM458900
Q28225134,SM258128
Q28227607,SM258233
Q28227961,SM495322
Q28315728,SM495457
Q28404066,SM494917
Q28404450,SM254135
Q28404484,SM450321
Q28404500,SM250228
Q28404516,SM450322
Q28404718,SM250118
Q28410875,SM493537
Q28412829,SM495619
Q28417075,SM495692
Q28418997,SM496477
Q28419337,SM494800
Q28439169,SM257018
Q28454854,SM486546
Q28456747,SM496925
Q28457753,SM492881
Q28498857,SM493353
Q28498859,SM493828
Q28498860,SM493826
Q28498937,SM468096
Q28499080,SM493588
Q28499965,SM454477
Q28499970,SM496353
Q28499971,SM493827
Q28499982,SM487325
Q28499988,SM496201
Q28499989,SM468094
Q28499991,SM496784
Q28499993,SM259912
Q28499999,SM7960
Q28500000,SM496110
Q28500002,SM496121
Q28500003,SM468086
Q28500005,SM496052
Q28500008,SM496085
Q28500009,SM250250
Q28500046,SM496434
Q28500047,SM496487
Q28500049,SM462011
Q28500051,SM496063
Q28500052,SM496068
Q28500053,SM496073
Q28500057,SM468095
Q28500059,SM480381
Q28500061,SM496058
Q28500062,SM468088
Q28500063,SM468097
Q28500114,SM493830
Q28500118,SM496719
Q28500156,SM496090
Q28500170,SM468095
Q28500171,SM496071
Q28500172,SM254300
Q28500173,SM496118
Q28500176,SM496372
Q28500185,SM496108
Q28500189,SM496511
Q28500191,SM454494
Q28500192,SM496748
Q28501200,SM496313
Q28501203,SM496447
Q28501205,SM496745
Q28604376,SM493388
Q28666088,SM257180
Q28669121,SM257015
Q28715412,SM492439
Q28719784,SM8326
Q28724947,SM8415
Q28725449,SM496043
Q28725451,SM495456
Q28725642,SM496502
Q28729415,SM250999
Q28842834,SM480507
Q28909406,SM493804
Q28943038,SM256392
Q28943050,SM258548
Q28943059,SM458429
Q29025020,SM252299
Q29025272,SM497062
Q29025328,SM495302
Q29026046,SM493831
Q29026959,SM495323
Q29035305,SM495317
Q29068346,SM487284
Q29167839,SM496470
Q29305627,SM459175
Q29305661,SM459273
Q29305707,SM459286
Q29324694,SM487050
Q29324713,SM258108
Q29324719,SM459408
Q29324722,SM459395
Q29324742,SM496512
Q29324765,SM458191
Q29324881,SM459426
Q29325035,SM458190
Q29325177,SM458416
Q29325204,SM459075
Q29325695,SM252095
Q29325898,SM459179
Q29325982,SM458420
Q29325988,SM458425
Q29325992,SM458419
Q29325993,SM459433
Q29325997,SM458423
Q29378793,SM497032
Q29378858,SM496106
Q29467175,SM258661
Q29467191,SM494241
Q29467330,SM256249
Q29467421,SM495183
Q29467431,SM494309
Q29467435,SM495775
Q29467436,SM494067
Q29467489,SM251222
Q29569905,SM493347
Q29641284,SM495198
Q29705197,SM492889
Q29908240,SM495366
Q30080314,SM250132
Q30091521,SM494737
Q30107130,SM7722
Q30115432,SM494748
Q30315706,SM495032
Q30315708,SM494773
Q30324689,SM496954
Q30325081,SM493993
Q30325550,SM454373
Q30587641,SM258758
Q30590321,SM494542
Q30591180,SM486485
Q30607872,SM255064
Q30612492,SM256673
Q30634380,SM257457
Q30636374,SM496894
Q30638721,SM496985
Q30646994,SM462041
Q30669732,SM252731
Q30681372,SM254148
Q30681379,SM253036
Q30681453,SM459084
Q30681629,SM258558
Q30682036,SM258615
Q30682041,SM458712
Q30685591,SM459037
Q30686594,SM250890
Q30692624,SM496537
Q30745566,SM496531
Q30745642,SM250961
Q30753769,SM497013
Q30766336,SM495153
Q30889200,SM253960
Q30899137,SM496493
Q30906919,SM480431
Q30916057,SM495964
Q30927989,SM495033
Q30941369,SM454411
Q30942550,SM493458
Q30944436,SM493612
Q30944442,SM493600
Q30945734,SM493643
Q30945737,SM493610
Q30949451,SM493951
Q30958712,SM492791
Q31073194,SM256126
Q31173746,SM494270
Q31174463,SM8430
Q31174466,SM487198
Q31174468,SM461959
Q31190872,SM255213
Q31191117,SM253960
Q31191124,SM495070
Q31191337,SM254579
Q31191389,SM494573
Q31197814,SM495937
Q31274931,SM496950
Q31274967,SM496950
Q31284780,SM495989
Q31526792,SM487370
Q31665123,SM493939
Q31700990,SM6895
Q31740146,SM251044
Q31740792,SM253643
Q31752016,SM250933
Q31752018,SM250633
Q31811518,SM254050
Q31838012,SM250246
Q31887398,SM496960
Q31897912,SM495296
Q31898375,SM251823
Q31898461,SM496975
Q31929956,SM254459
Q32308489,SM493751
Q32360797,SM257212
Q32361699,SM487081
Q33120269,SM496425
Q33123248,SM494620
Q33127570,SM251615
Q33127636,SM250850
Q33127759,SM8203
Q33232008,SM253683
Q34822548,SM8240
Q35571410,SM256784
Q35587885,SM250199
Q35588146,SM493744
Q36148849,SM496404
Q36151285,SM496538
Q36917740,SM257477
Q36951263,SM252754
Q36985300,SM253668
Q36985657,SM257132
Q37005313,SM252857
Q37026208,SM252248
Q37064132,SM253678
Q37068107,SM252258
Q37120787,SM7322
Q37137133,SM252174
Q37149064,SM257618
Q37172653,SM253964
Q37189314,SM256759
Q37192483,SM253613
Q37200475,SM252996
Q37207253,SM6979
Q37225960,SM256765
Q37240136,SM6966
Q37273683,SM252652
Q37275645,SM254099
Q37292070,SM7031
Q37313837,SM251919
Q37318726,SM256129
Q37320707,SM253155
Q37430982,SM253570
Q37432605,SM7292
Q37438548,SM257772
Q37450726,SM254544
Q37453496,SM253115
Q37454897,SM253045
Q37455227,SM256499
Q37463292,SM252241
Q37492474,SM7143
Q37497278,SM6974
Q37518531,SM257143
Q37532208,SM253671
Q37555082,SM258429
Q37560557,SM256200
Q37575387,SM252474
Q37709942,SM253886
Q37760570,SM258653
Q37760621,SM480841
Q37760772,SM494105
Q37771251,SM496815
Q37956952,SM258324
Q38118042,SM493029
Q38665497,SM492480
Q38665758,SM493038
Q38665943,SM492481
Q38682120,SM492598
Q38770275,SM253751
Q39017289,SM255702
Q39045365,SM250306
Q39046029,SM480534
Q39046649,SM251531
Q39047797,SM492845
Q39047802,SM492482
Q39048242,SM492483
Q39048244,SM492484
Q39050311,SM496996
Q39052890,SM252989
Q39054502,SM494850
Q39057420,SM493857
Q39086965,SM7655
Q39087720,SM258054
Q39087884,SM459062
Q39087956,SM459051
Q39088089,SM258254
Q39088179,SM252418
Q39088198,SM254803
Q39088222,SM256186
Q39088228,SM255780
Q39088263,SM459103
Q39088282,SM458151
Q39088465,SM253201
Q39088677,SM255603
Q39088720,SM258529
Q39088778,SM258289
Q39088784,SM256416
Q39090748,SM252513
Q39090749,SM458208
Q39090757,SM458071
Q39090787,SM458644
Q39090882,SM258472
Q39090887,SM458055
Q39090910,SM258597
Q39090920,SM252328
Q39090957,SM258689
Q39091022,SM255414
Q39091058,SM459136
Q39091068,SM254026
Q39091101,SM258479
Q39091157,SM459220
Q39091289,SM257055
Q39091339,SM258685
Q39091341,SM253203
Q39241250,SM494408
Q39760900,SM494400
Q40185418,SM8832
Q40331233,SM253015
Q40480814,SM253366
Q40554819,SM257585
Q40694641,SM494913
Q40890257,SM500836
Q40997877,SM255708
Q41299204,SM250687
Q41799793,SM493233
Q42305782,SM253961
Q42314104,SM496909
Q42378045,SM252677
Q42378088,SM256769
Q42378124,SM252849
Q42541985,SM257319
Q42565247,SM496758
Q42913882,SM494803
Q43082718,SM495959
Q43083305,SM494884
Q43296435,SM8130
Q43402322,SM495871
Q44834813,SM257856
Q45321045,SM495554
Q45793629,SM492496
Q46998231,SM258757
Q47301497,SM251891
Q47325913,SM496985
Q47461062,SM258121
Q47474569,SM492645
Q47524755,SM257247
Q47632042,SM255627
Q47633254,SM458684
Q47633645,SM257452
Q47801728,SM251397
Q48280752,SM492500
Q48723590,SM7794
Q48724213,SM255011
Q48725865,SM257818
Q48728401,SM258352
Q48728900,SM496956
Q48728918,SM496956
Q48729444,SM496956
Q48729670,SM252776
Q48730241,SM496956
Q48740984,SM496958
Q48741102,SM497006
Q48763692,SM493937
Q48767841,SM458195
Q48769238,SM458901
Q48769247,SM250313
Q48769743,SM488015
Q48771186,SM493817
Q48774250,SM256445
Q48775327,SM458802
Q48775468,SM459018
Q48778979,SM458649
Q48779136,SM458655
Q48779708,SM258292
Q48779739,SM258628
Q48780739,SM256112
Q48780866,SM257998
Q48781017,SM252080
Q48781023,SM458840
Q48781032,SM257169
Q48781060,SM255619
Q48781106,SM258641
Q48782410,SM253504
Q48782575,SM258623
Q48782629,SM258545
Q48782645,SM458880
Q48782990,SM256264
Q48783108,SM496213
Q48783528,SM258761
Q48783531,SM255546
Q48783782,SM253421
Q48784354,SM8193
Q48784357,SM496035
Q48785086,SM258009
Q48790436,SM458156
Q48790537,SM252094
Q48791063,SM255775
Q48791519,SM458158
Q48791727,SM458160
Q48791734,SM258697
Q48796372,SM494251
Q48796437,SM251848
Q48796546,SM253198
Q48796820,SM253534
Q48796868,SM258688
Q48796909,SM458874
Q48796926,SM253199
Q48796947,SM458879
Q48797008,SM258465
Q48797310,SM496237
Q48797375,SM458448
Q48797661,SM458074
Q48797686,SM255813
Q48797821,SM253767
Q48797851,SM258261
Q48797979,SM458069
Q48798003,SM258639
Q48798479,SM496891
Q48799200,SM458616
Q48799389,SM256313
Q48799525,SM256263
Q48799601,SM255534
Q48799654,SM258511
Q48800218,SM253204
Q48800474,SM257667
Q48800618,SM256274
Q48800680,SM258593
Q48801057,SM458038
Q48801295,SM256110
Q48801298,SM255535
Q48801961,SM458017
Q48802192,SM255327
Q48802378,SM459144
Q48802909,SM253200
Q48803623,SM458068
Q48803983,SM253436
Q48803991,SM459135
Q48804258,SM458626
Q48804520,SM496907
Q48804523,SM496982
Q48804525,SM255871
Q48805897,SM251634
Q48806156,SM255118
Q48806860,SM497090
Q48806882,SM496942
Q48806915,SM458670
Q48806947,SM497004
Q48806957,SM496935
Q48807082,SM258633
Q48807089,SM258632
Q48807894,SM258707
Q48807942,SM256295
Q48808624,SM252537
Q48808942,SM251128
Q48809250,SM496049
Q48811246,SM458501
Q48811258,SM255982
Q48811880,SM255081
Q48811930,SM254494
Q48812310,SM253595
Q48812799,SM258516
Q48812837,SM258634
Q48813860,SM256896
Q48814068,SM458510
Q48814939,SM258481
Q48815001,SM255980
Q48815026,SM253017
Q48815031,SM256017
Q48815217,SM258739
Q48815234,SM253239
Q48815239,SM258813
Q48815345,SM254213
Q48815841,SM256187
Q48815936,SM258610
Q48816328,SM494951
Q48816518,SM496958
Q48817546,SM458203
Q48817878,SM253450
Q48818098,SM458485
Q48854989,SM254543
Q48879326,SM487283
Q48911163,SM488210
Q48937499,SM496653
Q48941297,SM254579
Q48941677,SM252908
Q48952147,SM493629
Q48965581,SM492962
Q48987674,SM493332
Q48988809,SM250286
Q48989630,SM493630
Q48995765,SM492736
Q48997436,SM495435
Q49155247,SM480074
Q49206977,SM494081
Q50389527,SM250466
Q50704561,SM250718
Q51077975,SM496390
Q51135791,SM254784
Q51333351,SM257911
Q51637829,SM496190
Q51880324,SM257191
Q52824249,SM495952
Q53075644,SM454427
Q54166061,SM251597
Q54217381,SM481013
Q54254682,SM487497
Q54255067,SM495731
Q54287144,SM496226
Q54370513,SM495985
Q54370841,SM7958
Q54406816,SM250278
Q54504789,SM487330
Q54864674,SM480160
Q55075248,SM494792
Q55084113,SM8143
Q55096070,SM250004
Q55143876,SM250669
Q55199034,SM257947
Q55219185,SM253232
Q55315961,SM495502
Q55317652,SM250013
Q55335526,SM253144
Q55342471,SM7986
Q55379913,SM251633
Q55380041,SM258700
Q55391198,SM254163
Q55440516,SM487383
Q55584669,SM255212
Q55587155,SM255212
Q55590654,SM486430
Q55598995,SM8310
Q55599977,SM487827
Q55603210,SM250011
Q55604123,SM495043
Q55605238,SM252217
Q55607439,SM496880
Q55608296,SM495711
Q55608849,SM253003
Q55612215,SM253427
Q55612760,SM495146
Q55612978,SM253682
Q55613048,SM254022
Q55614727,SM458881
Q55615091,SM252821
Q55615708,SM458124
Q55616272,SM255307
Q55622200,SM458634
Q55622499,SM255664
Q55622548,SM250492
Q55624041,SM255937
Q55625120,SM256265
Q55625134,SM458760
Q55628297,SM256768
Q55629245,SM257742
Q55632477,SM257318
Q55634523,SM494799
Q55636522,SM258288
Q55637395,SM256354
Q55637422,SM458112
Q55638054,SM258722
Q55640196,SM254349
Q55643169,SM251971
Q55657560,SM494823
Q55658189,SM493659
Q55658245,SM495135
Q55663056,SM258501
Q55663059,SM258503
Q55663146,SM493752
Q55663618,SM258684
Q55663708,SM496366
Q55663712,SM496369
Q55664053,SM256772
Q55664307,SM250601
Q55664322,SM450757
Q55674907,SM254051
Q55675016,SM7856
Q55678442,SM454613
Q55678840,SM250850
Q55694455,SM250959
Q55697650,SM488015
Q55697670,SM488013
Q55697688,SM488014
Q55697758,SM495620
Q55697776,SM495621
Q55697918,SM250660
Q55707657,SM493458
Q55767951,SM250082
Q55768476,SM493824
Q55768579,SM250072
Q55768605,SM7961
Q55768722,SM250882
Q55840176,SM494408
Q55840323,SM7562
Q55840336,SM497007
Q56051638,SM255580
Q56064476,SM493855
Q56153876,SM496991
Q56194604,SM253878
Q56202338,SM251604
Q56218019,SM252477
Q56245435,SM252756
Q56271585,SM258131
Q56272222,SM494945
Q56277620,SM496913
Q56283207,SM488211
Q56290292,SM250314
Q56291544,SM496950
Q56292617,SM450332
Q56293116,SM255438
Q56293411,SM250455
Q56300464,SM256289
Q56301004,SM250411
Q56303124,SM495141
Q56305344,SM250651
Q56305345,SM253734
Q56307812,SM255930
Q56308793,SM493760
Q56312279,SM486408
Q56312664,SM250624
Q56316479,SM493007
Q56317818,SM480117
Q56325606,SM493116
Q56349834,SM8180
Q56368049,SM255280
Q56393120,SM8191
Q56393202,SM494891
Q56393243,SM454624
Q56399799,SM8420
Q56409093,SM258090
Q56450493,SM492523
Q56537978,SM252466
Q56540478,SM7004
Q56575424,SM495154
Q56597574,SM494874
Q56682878,SM253257
Q56701810,SM250064
Q56721138,SM496958
Q56725362,SM494300
Q56731115,SM495636
Q56732610,SM496440
Q56732820,SM497006
Q56733508,SM454502
Q56733628,SM492524
Q56736356,SM496556
Q56744414,SM480033
Q56761324,SM494733
Q56804226,SM495207
Q56811511,SM495050
Q56811573,SM494793
Q56811668,SM494693
Q56825833,SM256978
Q56868044,SM493761
Q56886322,SM493592
Q57026211,SM455314
Q57033638,SM496266
Q57047524,SM493543
Q57048756,SM493542
Q57061684,SM494516
Q57164112,SM494649
Q57244528,SM496051
Q57632643,SM495910
Q58035445,SM494346
Q58036882,SM250645
Q58037263,SM250081
Q58037365,SM252224
Q58037411,SM450492
Q58207084,SM250135
Q58207445,SM250137
Q58207473,SM250052
Q58207510,SM254727
Q58207565,SM450445
Q58238318,SM251086
Q58361967,SM253349
Q58363038,SM250324
Q58380263,SM253401
Q58380736,SM253415
Q58432000,SM251760
Q58432361,SM250270
Q58433752,SM493675
Q58436501,SM487321
Q58463504,SM496041
Q58538465,SM494698
Q58550751,SM494355
Q58894654,SM495223
Q58925904,SM254301
Q58926163,SM250185
Q58926434,SM250558
Q59000417,SM252439
Q59065642,SM251799
Q59184910,SM450646
Q59184971,SM250088
Q59185911,SM496852
Q59287226,SM255693
Q59307209,SM496513
Q59307523,SM256316
Q59464701,SM492926
Q59555089,SM496877
Q59569642,SM496677
Q59601370,SM454401
Q59651645,SM496518
Q59652901,SM256446
Q59655306,SM462011
Q59655586,SM450729
Q59655693,SM257000
Q59655776,SM257184
Q59655873,SM251137
Q59733616,SM257774
Q59734123,SM250749
Q59734692,SM450765
Q59734839,SM258312
Q59771378,SM450680
Q59771388,SM250576
Q60222350,SM493135
Q60232974,SM496925
Q60329459,SM496853
Q60329904,SM250518
Q60438865,SM250777
Q60462234,SM496985
Q60529848,SM256089
Q60573121,SM494861
Q60617561,SM251057
Q60627613,SM487321
Q60628900,SM254300
Q60630269,SM493423
Q60647465,SM496391
Q60647513,SM251094
Q60740498,SM494876
Q60741209,SM495157
Q60745985,SM492533
Q60748898,SM258626
Q60786270,SM480957
Q60787253,SM496854
Q60788621,SM257907
Q60790295,SM250370
Q60792243,SM492927
Q60837259,SM496937
Q60845792,SM487152
Q60849912,SM461951
Q60849943,SM494020
Q60849965,SM494274
Q60850118,SM487873
Q60850483,SM493454
Q60851864,SM496122
Q60999418,SM493428
Q61055296,SM253467
Q61058710,SM495147
Q61060198,SM254080
Q61064535,SM500210
Q61070291,SM257180
Q61081385,SM257183
Q61081495,SM496307
Q61081688,SM255667
Q61081718,SM496243
Q61082048,SM496674
Q61082734,SM255645
Q61116679,SM454375
Q61118142,SM493589
Q61123203,SM258219
Q61139143,SM494127
Q61139866,SM495405
Q61272261,SM250717
Q61283825,SM487288
Q61283830,SM496456
Q61294465,SM493535
Q61313472,SM251330
Q61322685,SM495583
Q61397807,SM494676
Q61404239,SM493938
Q61467425,SM254579
Q61648905,SM255705
Q61648927,SM493534
Q61650732,SM257251
Q61651093,SM253824
Q61703959,SM250574
Q61704105,SM256207
Q61708845,SM7884
Q61719332,SM250723
Q61725036,SM250398
Q61730267,SM250448
Q61743015,SM496985
Q61794670,SM250003
Q61806744,SM250816
Q61813198,SM250489
Q61813408,SM250496
Q61817714,SM494200
Q61818708,SM250551
Q61884003,SM7518
Q61884051,SM258807
Q61902754,SM461987
Q61902877,SM461958
Q61955062,SM257711
Q61964236,SM496480
Q61964624,SM481063
Q61964656,SM251081
Q61971683,SM496855
Q61982460,SM493093
Q61999823,SM258261
Q62026419,SM250215
Q62033326,SM462015
Q62098205,SM258636
Q62107406,SM258637
Q62139134,SM493433
Q62268127,SM495430
Q62321252,SM494678
Q62383060,SM250456
Q62383741,SM493876
Q62383756,SM250969
Q62414349,SM250929
Q62459068,SM496935
Q62466489,SM496915
Q62497886,SM496720
Q62567116,SM496899
Q62608205,SM496955
Q62635514,SM496926
Q62845765,SM496999
Q62996265,SM461940
Q62997639,SM254068
Q62997769,SM250556
Q63032112,SM496912
Q63075063,SM7616
Q63121468,SM493893
Q63196435,SM7422
Q63196580,SM496551
Q63196592,SM250425
Q63196612,SM250130
Q63196666,SM487083
Q63196684,SM496328
Q63203886,SM496368
Q63203908,SM250483
Q63204879,SM496857
Q63205804,SM454527
Q63205935,SM496524
Q63257894,SM259950
Q63475519,SM251938
Q63516902,SM251578
Q63586977,SM495045
Q63616621,SM493673
Q63689272,SM252103
Q63782341,SM252103
Q63789534,SM250242
Q63868392,SM495139
Q63884107,SM494234
Q63985103,SM496630
Q64027537,SM254557
Q64038573,SM257077
Q64080613,SM251973
Q64081506,SM487286
Q64081718,SM496859
Q64149610,SM250124
Q64216453,SM252761
Q64744516,SM253247
Q65040305,SM493825
Q65041034,SM496960
Q65049676,SM496894
Q65053384,SM495410
Q65056080,SM493952
Q65056685,SM253114
Q65058671,SM253232
Q65066143,SM256710
Q65066361,SM253114
Q65066830,SM254995
Q65067089,SM496937
Q65067093,SM494042
Q65070973,SM252455
Q65072336,SM493605
Q65083408,SM252492
Q65083487,SM7650
Q65084967,SM494651
Q65085819,SM496935
Q65089069,SM252495
Q65089405,SM451034
Q65089586,SM258642
Q65090450,SM496985
Q65119018,SM255823
Q65119318,SM256806
Q65133318,SM496941
Q65152759,SM494964
Q65152918,SM493690
Q65163752,SM251615
Q65205274,SM7602
Q65209392,SM493456
Q65210148,SM252326
Q65210736,SM480589
Q65211351,SM494715
Q65211353,SM480521
Q65211354,SM254590
Q65211356,SM8345
Q65211358,SM496535
Q65211359,SM496752
Q65211360,SM258560
Q65213480,SM8358
Q65213592,SM257274
Q65213595,SM493466
Q65216260,SM494956
Q65227035,SM253431
Q65231182,SM495181
Q65249531,SM493313
Q65255972,SM497013
Q65255988,SM496947
Q65256016,SM496922
Q65256031,SM496877
Q65256044,SM496940
Q65256059,SM497014
Q65256074,SM496956
Q65256087,SM496991
Q65256096,SM496999
Q65256105,SM3438
Q65256112,SM497021
Q65256117,SM496910
Q65256128,SM496927
Q65256137,SM497002
Q65256145,SM497047
Q65256155,SM496953
Q65256163,SM497032
Q65256173,SM497003
Q65256181,SM496897
Q65256192,SM496920
Q65256198,SM496900
Q65256209,SM496978
Q65256218,SM496905
Q65256226,SM493922
Q65256236,SM496882
Q65256244,SM253042
Q65256263,SM496987
Q65256271,SM497042
Q65256279,SM497005
Q65256288,SM253960
Q65256296,SM497040
Q65256307,SM496901
Q65256314,SM252321
Q65256323,SM496883
Q65256336,SM496955
Q65256344,SM496982
Q65256353,SM496879
Q65256360,SM497012
Q65256377,SM496895
Q65256385,SM497006
Q65256395,SM496968
Q65256404,SM497044
Q65263729,SM496950
Q65279405,SM495533
Q65326413,SM250799
Q65334602,SM252103
Q65395260,SM251136
Q65396966,SM494094
Q65405850,SM493407
Q65417551,SM254047
Q65922736,SM496946
Q66429143,SM7544
Q66439303,SM250819
Q66887629,SM495390
Q66902778,SM493460
Q67416503,SM460325
Q67781869,SM258521
Q67812695,SM495784
Q67931336,SM495903
Q67933420,SM494562
Q67933458,SM496713
Q68182427,SM496599
Q69762326,SM251677
Q70519032,SM255790
Q70555258,SM250716
Q70586664,SM493430
Q70588115,SM250049
Q71986641,SM257529
Q73803669,SM487386
Q75020503,SM462054
Q75328877,SM495408
Q75422958,SM252093
Q75960377,SM495003
Q76504884,SM8349
Q77658169,SM494403
Q77694920,SM492659
Q79054058,SM459291
Q79415025,SM496296
Q79616984,SM256650
Q80345421,SM494381
Q80869633,SM254633
Q81257619,SM256444
Q81462953,SM494290
Q81463214,SM494291
Q81463252,SM494292
Q81463285,SM494293
Q81463313,SM494294
Q81463335,SM494295
Q81760425,SM255393
Q81896804,SM7759
Q83371492,SM492999
Q83802164,SM495008
Q84316343,SM493098
Q84405810,SM496764
Q84405903,SM496206
Q84405956,SM496632
Q84423523,SM493349
Q84569704,SM494963
Q85120630,SM254307
Q85739971,SM496949
Q85740154,SM251477
Q85745663,SM250604
Q85745731,SM252126
Q85746859,SM252266
Q85746897,SM252309
Q85747312,SM252358
Q85748064,SM251934
Q85758238,SM496864
Q85760952,SM494278
Q85773793,SM496332
Q85774890,SM254915
Q85775000,SM496362
Q85775904,SM255201
Q85783102,SM255363
Q85783655,SM487583
Q85785966,SM255825
Q85786801,SM255929
Q85786923,SM454496
Q85790423,SM256444
Q85792303,SM492807
Q85798267,SM494701
Q85811000,SM496726
Q85815171,SM496765
Q85816542,SM254058
Q85817010,SM258793
Q85846331,SM500278
Q85850889,SM257011
Q85851995,SM250971
Q85870314,SM253299
Q85871423,SM497006
Q85871770,SM251964
Q85877710,SM495899
Q85878128,SM496913
Q85883324,SM492973
Q86010679,SM480141
Q86661108,SM493763
Q86668107,SM493609
Q86685398,SM251496
Q86731100,SM252045
Q86733085,SM496000
Q86754947,SM493942
Q88091398,SM253945
Q89311014,SM253123
Q90278022,SM494674
Q91326977,SM493002
Q92279875,SM258273
Q92778972,SM253015
Q94533002,SM250457
Q95970919,SM7329
Q96000132,SM496948
Q96036383,SM494051
Q96183553,SM258220
Q96359315,SM8202
Q96372294,SM492779
Q96373125,SM495918
Q96373551,SM495352
Q96374563,SM492856
Q96374939,SM494549
Q96376878,SM7662
Q96376918,SM495239
Q96379701,SM7368
Q96380203,SM495353
Q96380381,SM253847
Q96386776,SM496392
Q96386825,SM496394
Q96391622,SM494547
Q96392105,SM257162
Q96393082,SM7663
Q96397349,SM494401
Q96398376,SM494548
Q96401430,SM495356
Q96403277,SM257216
Q96404825,SM492587
Q96405462,SM495358
Q96406101,SM493621
Q96414449,SM496763
Q96417743,SM492588
Q96418071,SM252695
Q96418757,SM252687
Q96459953,SM497006
Q96613438,SM492589
Q96613445,SM492590
Q96631523,SM252421
Q96658115,SM254573
Q96756181,SM252502
Q97123748,SM495152
Q97162566,SM495357
Q97170150,SM252366
Q97186912,SM493801
Q97187587,SM496942
Q97189833,SM253871
Q97191872,SM492591
Q97200758,SM493616
Q97223161,SM494462
Q97232562,SM496006
Q97265790,SM257946
Q97268882,SM495215
Q97274474,SM251964
Q97276859,SM494479
Q97321123,SM253344
Q97350590,SM493404
Q97352030,SM493611
Q97355609,SM252305
Q97356809,SM455319
Q97357047,SM250335
Q97359603,SM251081
Q97359995,SM493433
Q97441577,SM251982
Q97466503,SM256650
Q97585453,SM253179
Q97627802,SM252076
Q97661314,SM496915
Q97671229,SM495298
Q97890404,SM8295
Q97941040,SM257953
Q97959579,SM255172
Q98034065,SM251007
Q98070711,SM495339
Q98078576,SM495492
Q98083465,SM253332
Q98113729,SM496386
Q98139677,SM251090
Q98526166,SM486127
Q98588470,SM492843
Q98637428,SM493118
Q98731458,SM255605
Q98926180,SM251176
Q99519759,SM492880
Q99522551,SM493107
Q99542602,SM496147
Q99543255,SM250721
Q99635366,SM251316
Q99667861,SM258473
Q99930392,SM461955
Q100154030,SM451023
Q100155316,SM493464
Q100251705,SM252321
Q100259700,SM495012
Q100396408,SM493139
Q100510858,SM486588
Q100708389,SM496894
Q100744392,SM256246
Q100964752,SM252471
Q100964880,SM494041
Q100998781,SM487144
Q101096113,SM495827
Q101114028,SM493917
Q101161670,SM495870
Q101242814,SM455328
Q101332847,SM494786
Q101837620,SM250756
Q102073173,SM252422
Q102336511,SM250493
Q102611190,SM486956
Q103421721,SM494879
Q103839813,SM493638
Q104228507,SM254163
Q104251192,SM495346
Q104381640,SM255728
Q104383389,SM255281
Q104415946,SM480892
Q104416444,SM258104
Q104431241,SM256878
Q104439864,SM257359
Q104440625,SM257353
Q104463762,SM494791
Q104481510,SM494517
Q104540998,SM255728
Q104586516,SM256127
Q104717439,SM495349
Q104720720,SM7658
Q104813213,SM494776
Q104840688,SM495380
Q104841040,SM254120
Q104841294,SM493437
Q104841629,SM496894
Q104841938,SM494659
Q104844331,SM252351
Q104846275,SM496343
Q104846336,SM252504
Q104846911,SM253309
Q104846912,SM254051
Q104846958,SM495354
Q104849530,SM254350
Q104853342,SM255728
Q104854876,SM493452
Q104856194,SM255728
Q104856363,SM250395
Q104857024,SM253957
Q104857215,SM256618
Q104860658,SM494119
Q104861314,SM496894
Q104861488,SM496894
Q104876831,SM495448
Q104876836,SM493171
Q104890100,SM257180
Q104901487,SM495084
Q104901589,SM250802
Q104901991,SM251182
Q104906220,SM496320
Q104968385,SM255728
Q105046821,SM251218
Q105078521,SM255472
Q105079130,SM254163
Q105081446,SM496105
Q105393761,SM495604
Q105395705,SM8624
Q105576058,SM494145
Q105676213,SM494157
Q105742729,SM258330
Q105753422,SM480036
Q105759570,SM495204
Q105834382,SM257534
Q105836574,SM454415
Q105858899,SM454415
Q105883408,SM496011
Q105968559,SM251185
Q106040773,SM481124
Q106040809,SM250947
Q106076409,SM495943
Q106114602,SM486970
Q106114887,SM496823
Q106133380,SM496283
Q106224936,SM7039
Q106236990,SM495670
Q106237907,SM495184
Q106253712,SM494944
Q106282775,SM493944
Q106327733,SM256650
Q106390987,SM487733
Q106400643,SM252833
Q106462170,SM494955
Q106490486,SM251372
Q106490487,SM252797
Q106490490,SM250230
Q106490492,SM253989
Q106490494,SM250018
Q106490502,SM250046
Q106490515,SM251970
Q106490516,SM251988
Q106490517,SM496076
Q106490518,SM496078
Q106490519,SM252057
Q106490521,SM250051
Q106490522,SM257502
Q106490528,SM496094
Q106490529,SM493429
Q106490533,SM493668
Q106490534,SM250106
Q106490537,SM493669
Q106490538,SM493734
Q106490539,SM250600
Q106490545,SM250116
Q106490548,SM250243
Q106490552,SM496155
Q106490561,SM250183
Q106490565,SM496182
Q106490566,SM496185
Q106490570,SM253262
Q106490571,SM496197
Q106490572,SM8504
Q106490637,SM250313
Q106490641,SM450530
Q106490648,SM257000
Q106490649,SM250879
Q106490650,SM496225
Q106490659,SM250253
Q106490663,SM253615
Q106490666,SM493434
Q106490667,SM493434
Q106490668,SM493674
Q106490750,SM496254
Q106490752,SM250247
Q106490755,SM250883
Q106490762,SM450752
Q106490766,SM496698
Q106490777,SM258531
Q106490784,SM250805
Q106490792,SM250740
Q106490798,SM496813
Q106490799,SM496820
Q106490960,SM450481
Q106490961,SM495979
Q106490962,SM495986
Q106490963,SM495343
Q106490964,SM251587
Q106490965,SM251632
Q106490966,SM251616
Q106490967,SM496018
Q106490968,SM251521
Q106490969,SM493683
Q106490970,SM250849
Q106490971,SM251820
Q106490972,SM250052
Q106490973,SM496054
Q106490974,SM496057
Q106490975,SM250053
Q106490976,SM251015
Q106490977,SM253957
Q106490978,SM496064
Q106490979,SM251951
Q106490980,SM251975
Q106490981,SM496086
Q106490982,SM250081
Q106490983,SM250084
Q106490984,SM250087
Q106490985,SM454544
Q106490986,SM252179
Q106490987,SM252224
Q106490988,SM252343
Q106490989,SM252343
Q106490990,SM496117
Q106490991,SM257184
Q106490992,SM257434
Q106490993,SM450496
Q106490994,SM464100
Q106490995,SM496126
Q106490996,SM250134
Q106490997,SM250135
Q106490998,SM496131
Q106490999,SM496137
Q106491000,SM496139
Q106491001,SM257184
Q106491002,SM496157
Q106491003,SM496158
Q106491004,SM252825
Q106491005,SM496161
Q106491006,SM496164
Q106491007,SM250867
Q106491008,SM252994
Q106491009,SM250662
Q106491010,SM250166
Q106491011,SM450509
Q106491012,SM496187
Q106491013,SM450514
Q106491014,SM253289
Q106491015,SM253296
Q106491016,SM250227
Q106491017,SM253989
Q106491018,SM253307
Q106491019,SM492515
Q106491020,SM450536
Q106491021,SM450316
Q106491022,SM253981
Q106491023,SM253401
Q106491024,SM253437
Q106491025,SM487325
Q106491026,SM256290
Q106491027,SM464098
Q106491028,SM496232
Q106491030,SM493740
Q106491031,SM496235
Q106491032,SM250587
Q106491033,SM496244
Q106491034,SM496246
Q106491035,SM253720
Q106491036,SM253756
Q106491037,SM253761
Q106491038,SM496255
Q106491039,SM496256
Q106491040,SM496257
Q106491041,SM496269
Q106491042,SM253928
Q106491043,SM8504
Q106491044,SM450570
Q106491045,SM493815
Q106491046,SM250231
Q106491049,SM486149
Q106491050,SM250576
Q106491052,SM256849
Q106491053,SM496580
Q106491054,SM493447
Q106491055,SM496584
Q106491056,SM250879
Q106491057,SM450725
Q106491058,SM250836
Q106491059,SM256623
Q106491060,SM253455
Q106491061,SM255120
Q106491062,SM464099
Q106491063,SM250645
Q106491064,SM257164
Q106491065,SM496605
Q106491066,SM496611
Q106491067,SM450739
Q106491068,SM450740
Q106491069,SM496620
Q106491070,SM450745
Q106491072,SM257434
Q106491073,SM450749
Q106491074,SM257497
Q106491075,SM257497
Q106491076,SM450748
Q106491077,SM496643
Q106491078,SM257570
Q106491079,SM251015
Q106491080,SM450749
Q106491081,SM496655
Q106491082,SM256028
Q106491084,SM250754
Q106491085,SM250757
Q106491086,SM258190
Q106491087,SM496731
Q106491088,SM254739
Q106491089,SM251085
Q106491090,SM493469
Q106491092,SM496740
Q106491093,SM493469
Q106491094,SM496743
Q106491095,SM496749
Q106491096,SM250796
Q106491097,SM493753
Q106491101,SM250805
Q106491102,SM496773
Q106491103,SM250329
Q106491104,SM258666
Q106491105,SM495344
Q106491107,SM496797
Q106491108,SM496803
Q106491109,SM450779
Q106491110,SM250831
Q106491112,SM496811
Q106491113,SM250324
Q106491114,SM493832
Q106491115,SM254107
Q106491116,SM20753
Q106491117,SM250328
Q106491118,SM496295
Q106491119,SM250330
Q106491120,SM256113
Q106491121,SM450617
Q106491122,SM496297
Q106491123,SM495201
Q106491124,SM250217
Q106491125,SM254242
Q106491126,SM480516
Q106491127,SM496312
Q106491128,SM250060
Q106491129,SM250893
Q106491131,SM250165
Q106491132,SM255247
Q106491133,SM250342
Q106491134,SM254406
Q106491135,SM250470
Q106491136,SM250351
Q106491137,SM254473
Q106491138,SM487336
Q106491139,SM493849
Q106491140,SM450649
Q106491141,SM496337
Q106491142,SM496824
Q106491143,SM496345
Q106491147,SM496348
Q106491148,SM496364
Q106491149,SM450651
Q106491151,SM496367
Q106491152,SM493290
Q106491153,SM250395
Q106491154,SM495730
Q106491155,SM496379
Q106491157,SM462011
Q106491158,SM255126
Q106491159,SM496383
Q106491160,SM6011
Q106491161,SM250088
Q106491162,SM496384
Q106491163,SM250406
Q106491164,SM255200
Q106491165,SM250410
Q106491166,SM450661
Q106491167,SM496395
Q106491168,SM496396
Q106491169,SM255221
Q106491170,SM496401
Q106491171,SM450670
Q106491172,SM250460
Q106491173,SM495587
Q106491174,SM250470
Q106491175,SM250477
Q106491176,SM496457
Q106491177,SM450934
Q106491178,SM250504
Q106491179,SM255796
Q106491180,SM250924
Q106491181,SM255824
Q106491182,SM250527
Q106491183,SM255895
Q106491184,SM6015
Q106491185,SM496489
Q106491186,SM255921
Q106491187,SM255976
Q106491188,SM256006
Q106491189,SM256028
Q106491190,SM250553
Q106491191,SM250553
Q106491192,SM250558
Q106491194,SM256290
Q106491195,SM256317
Q106491196,SM256334
Q106491197,SM496519
Q106491198,SM256113
Q106491199,SM256394
Q106491200,SM450699
Q106491202,SM496529
Q106491203,SM250386
Q106491204,SM250959
Q106491206,SM487577
Q106491207,SM487568
Q106491210,SM496543
Q106491212,SM256587
Q106491213,SM450324
Q106491214,SM493446
Q106491215,SM256597
Q106491216,SM258381
Q106491217,SM496554
Q106506502,SM493442
Q106506620,SM494242
Q106514625,SM495741
Q106515105,SM494191
Q106521710,SM8031
Q106556690,SM250576
Q106597640,SM495178
Q106600636,SM492687
Q106609813,SM494494
Q106611183,SM255931
Q106616268,SM495473
Q106624194,SM496360
Q106638741,SM254330
Q106661065,SM258803
Q106670128,SM255902
Q106678884,SM252074
Q106684006,SM250519
Q106694551,SM251372
Q106695086,SM250135
Q106698164,SM251970
Q106698228,SM251975
Q106727336,SM250130
Q106727581,SM253415
Q106765998,SM450481
Q106784661,SM250271
Q106801672,SM257303
Q106802279,SM487325
Q106802304,SM496234
Q106802744,SM250342
Q106802848,SM250308
Q106807733,SM258230
Q106819330,SM494329
Q106829401,SM486697
Q106833556,SM250170
Q106833817,SM258519
Q106854856,SM250470
Q106859363,SM250410
Q106859475,SM254192
Q106860409,SM493447
Q106861493,SM493446
Q106861958,SM251898
Q106862264,SM252314
Q106862268,SM252424
Q106862270,SM253014
Q106862271,SM457112
Q106862273,SM253178
Q106862275,SM253465
Q106862276,SM253552
Q106862277,SM253793
Q106862278,SM254389
Q106862279,SM254557
Q106862280,SM254673
Q106862281,SM255294
Q106862282,SM254820
Q106862283,SM254858
Q106862284,SM254930
Q106862285,SM254948
Q106862286,SM255015
Q106862287,SM487583
Q106862288,SM255649
Q106862289,SM255970
Q106862292,SM251564
Q106862294,SM256842
Q106862295,SM257089
Q106862297,SM257420
Q106862298,SM258047
Q106867342,SM480210
Q106867343,SM257426
Q106867344,SM257365
Q106867345,SM6890
Q106867346,SM254870
Q106867347,SM256815
Q106867939,SM250839
Q106868591,SM257570
Q106874083,SM496756
Q106874114,SM487555
Q106877512,SM256028
Q106880985,SM258190
Q106921717,SM496125
Q106946775,SM254080
Q106993448,SM480454
Q107009830,SM492123
Q107039888,SM252285
Q107044418,SM252374
Q107074453,SM494762
Q107105399,SM493577
Q107119251,SM251904
Q107144808,SM493550
Q107175478,SM258406
Q107175958,SM494194
Q107182521,SM494092
Q107211045,SM493548
Q107221168,SM492673
Q107223190,SM493878
Q107242427,SM493549
Q107272595,SM251863
Q107283801,SM496207
Q107301856,SM495200
Q107324568,SM493399
Q107335394,SM259953
Q107342578,SM255205
Q107361075,SM495348
Q107379201,SM493645
Q107379746,SM492670
Q107404424,SM496930
Q107427822,SM494166
Q107454828,SM495511
Q107463532,SM8140
Q107473387,SM493581
Q107504249,SM493579
Q107555615,SM250970
Q107618498,SM496734
Q107639450,SM493731
Q107995805,SM7616
Q108030426,SM494995
Q108031489,SM495246
Q108032089,SM493578
Q108044055,SM493461
Q108084102,SM492126
Q108085600,SM257180
Q108113028,SM492127
Q108113038,SM492821
Q108286940,SM494033
Q108314400,SM495907
Q108395943,SM493439
Q108419369,SM495908
Q108443984,SM494996
Q108502033,SM492129
Q108502624,SM493631
Q108513623,SM496074
Q108523508,SM492130
Q108532150,SM492597
Q108532156,SM492932
Q108541796,SM492903
Q108541909,SM492131
Q108542005,SM492955
Q108551020,SM495238
Q108661098,SM7668
Q108696010,SM254827
Q108730617,SM258316
Q108872228,SM496700
Q108894400,SM7573
Q108911685,SM252878
Q109017926,SM7637
Q109038523,SM250151
Q109045260,SM492479
Q109045626,SM250944
Q109236327,SM254886
Q109236958,SM462159
Q109236963,SM450356
Q109237157,SM254835
Q109237165,SM486602
Q109256535,SM495341
Q109257439,SM493803
Q109283669,SM497001
Q109284443,SM494779
Q109286519,SM460447
Q109301106,SM251702
Q109310533,SM8226
Q109311583,SM496937
Q109311606,SM496999
Q109316813,SM461958
Q109345647,SM496163
Q109347901,SM496095
Q109359848,SM492994
Q109371977,SM496575
Q109376873,SM496625
Q109381654,SM255856
Q109435945,SM487112
Q109535716,SM494795
Q109535978,SM250422
Q109545662,SM253742
Q109591499,SM494990
Q109593075,SM7654
Q109605179,SM496349
Q109609754,SM450317
Q109662447,SM7821
Q109704308,SM451094
Q109779332,SM492901
Q109827060,SM7645
Q109888639,SM495338
Q109967151,SM495166
Q109968210,SM256650
Q109973568,SM495165
Q109974444,SM494044
Q110078940,SM493949
Q110128220,SM495941
Q110196443,SM492102
Q110208349,SM494386
Q110235801,SM495927
Q110269329,SM494794
Q110280168,SM256949
Q110300560,SM495279
Q110313491,SM494054
Q110316934,SM258316
Q110319150,SM258316
Q110329888,SM487637
Q110344936,SM495874
Q110346026,SM495395
Q110346415,SM495396
Q110352001,SM254747
Q110376006,SM494018
Q110400634,SM492095
Q110402623,SM255571
Q110426429,SM258452
Q110496914,SM495997
Q110516831,SM493551
Q110516875,SM495548
Q110521652,SM495770
Q110579858,SM493561
Q110612572,SM492107
Q110617188,SM253540
Q110627283,SM252508
Q110627292,SM257684
Q110627326,SM251162
Q110633719,SM494734
Q110635582,SM492136
Q110654499,SM480466
Q110654558,SM497001
Q110664465,SM480113
Q110692734,SM257142
Q110722584,SM496899
Q110722585,SM493992
Q110732479,SM495237
Q110760137,SM496746
Q110761554,SM497001
Q110782879,SM496876
Q110823767,SM493427
Q110843524,SM7874
Q110858728,SM486587
Q110859231,SM486536
Q110864401,SM8313
Q110877649,SM486435
Q110877706,SM486591
Q110884043,SM486454
Q110884088,SM486456
Q110886693,SM458120
Q110886759,SM486593
Q110901584,SM495516
Q110903424,SM486421
Q110903426,SM253284
Q110903593,SM486595
Q110903758,SM496616
Q110909256,SM255154
Q110921228,SM493983
Q110922133,SM8440
Q110923182,SM254134
Q110929785,SM493172
Q110936919,SM492858
Q110996735,SM494335
Q111084210,SM251140
Q111170119,SM250944
Q111173998,SM493403
Q111181190,SM494557
Q111181266,SM494847
Q111181993,SM495429
Q111182007,SM494610
Q111200300,SM495863
Q111200494,SM495831
Q111200501,SM495826
Q111200542,SM495270
Q111208071,SM495823
Q111304810,SM255802
Q111325812,SM496920
Q111528807,SM480526
Q111588411,SM496233
Q111597316,SM486445
Q111651611,SM495420
Q111670880,SM492797
Q111725025,SM486443
Q111738634,SM496327
Q111818907,SM253442
Q111827679,SM253442
Q111828457,SM253442
Q111828506,SM253442
Q111828596,SM253442
Q111828709,SM494216
Q111828756,SM253442
Q111901506,SM258501
Q111913541,SM252750
Q111914086,SM494898
Q111914887,SM494478
Q111915469,SM496951
Q111915728,SM495087
Q111915782,SM500279
Q111915799,SM250749
Q111924942,SM250600
Q111926932,SM496942
Q111937447,SM492979
Q111940179,SM494813
Q111941961,SM250600
Q111945432,SM250601
Q111951548,SM256250
Q111952695,SM495961
Q111955164,SM7590
Q111955286,SM487822
Q111969058,SM496920
Q111972127,SM496920
Q111972926,SM496613
Q111973257,SM495000
Q111973505,SM253780
Q112036660,SM494695
Q112114719,SM493607
Q112151160,SM250342
Q112194402,SM254727
Q112199560,SM494790
Q112219994,SM250278
Q112220866,SM494003
Q112227084,SM250166
Q112228465,SM257932
Q112241893,SM253673
Q112429052,SM493759
Q112605450,SM494790
Q112608234,SM496920
Q112663570,SM494778
Q112672098,SM494546
Q112723934,SM250500
Q112724516,SM494690
Q112797601,SM494252
Q112865218,SM494028
Q112865299,SM486547
Q112871872,SM496223
Q112892533,SM496127
Q112912053,SM496927
Q112913242,SM496452
Q112957790,SM496883
Q112964783,SM486549
Q112968631,SM254830
Q112976155,SM486570
Q113003161,SM462158
Q113016327,SM493431
Q113144697,SM252966
Q113167686,SM495469
Q113212324,SM496115
Q113218550,SM496728
Q113297622,SM496791
Q113364576,SM494756
Q113367317,SM257942
Q113372013,SM258316
Q113372316,SM455322
Q113411960,SM252908
Q113437782,SM253175
Q113437783,SM256473
Q113456792,SM494886
Q113459078,SM255903
Q113461442,SM254481
Q113461620,SM257180
Q113461750,SM493598
Q113484955,SM496923
Q113485263,SM257180
Q113493064,SM497049
Q113504702,SM496881
Q113536837,SM492141
Q113549448,SM494801
Q113549451,SM251007
Q113580326,SM8367
Q113588318,SM253556
Q113590182,SM252286
Q113606051,SM495454
Q113613422,SM496476
Q113644056,SM494358
Q113644080,SM494359
Q113644475,SM494356
Q113659493,SM254243
Q113669140,SM252272
Q113714804,SM496370
Q113758442,SM480799
Q113859532,SM254087
Q113876651,SM253144
Q113903773,SM258215
Q113947627,SM257023
Q113954296,SM495920
Q113961652,SM253586
Q114023775,SM258067
Q114047892,SM255613
Q114047917,SM487402
Q114049640,SM493470
Q114049684,SM496526
Q114049726,SM8420
Q114056623,SM467511
Q114088572,SM495446
Q114119975,SM496491
Q114152706,SM494030
Q114228525,SM496334
Q114257422,SM494443
Q114289545,SM495544
Q114352259,SM495470
Q114470533,SM495442
Q114658275,SM256799
Q114682365,SM494007
Q114734611,SM254327
Q114976531,SM494310
Q115175692,SM257180
Q115175925,SM8296
Q115194925,SM256274
Q115196460,SM8300
Q115219379,SM492766
Q115244170,SM495231
Q115244211,SM495230
Q115244820,SM8266
Q115244863,SM8266
Q115245048,SM486578
Q115245148,SM493468
Q115251467,SM487373
Q115251891,SM255907
Q115253412,SM255520
Q115253641,SM496810
Q115263544,SM487570
Q115263906,SM451044
Q115475324,SM492143
Q115475325,SM492090
Q115532579,SM496189
Q115565780,SM487850
Q115571069,SM492091
Q115734783,SM255080
Q115734784,SM459055
Q115781010,SM493233
Q115802973,SM493502
Q115802989,SM492054
Q115803334,SM492692
Q115803865,SM254194
Q115803917,SM250829
Q115805570,SM252296
Q115805802,SM494750
Q115806563,SM250135
Q115806636,SM495668
Q115807884,SM496112
Q115809370,SM255294
Q115812098,SM258219
Q115816869,SM480061
Q115819450,SM493768
Q115842165,SM494985
Q115863947,SM497027
Q115913105,SM461506
Q115913574,SM493672
Q115934325,SM494470
Q115942747,SM496825
Q115944305,SM496474
Q115959912,SM496900
Q116142522,SM255942
Q116443555,SM258316
Q116449243,SM251086
Q116549340,SM493754
Q116549652,SM493756
Q116609801,SM493591
Q116692785,SM494515
Q116701095,SM493582
Q116701528,SM494165
Q116745251,SM494063
Q116764828,SM254080
Q116771441,SM494500
Q116783830,SM494760
Q116797582,SM493636
Q116797655,SM493635
Q116798381,SM494877
Q116858797,SM486983
Q116867172,SM494761
Q116882463,SM495137
Q116893938,SM256059
Q116938904,SM497049
Q116958286,SM494502
Q116966005,SM496876
Q117002476,SM493443
Q117043565,SM258220
Q117085506,SM251905
Q117209766,SM255036
Q117219288,SM253178
Q117272526,SM494541
Q117288657,SM493497
Q117305534,SM495948
Q117305586,SM495928
Q117307606,SM494671
Q117312608,SM495949
Q117313539,SM496573
Q117322752,SM495939
Q117336630,SM495933
Q117336729,SM496886
Q117336846,SM7945
Q117350273,SM255330
Q117350392,SM495932
Q117354770,SM495947
Q117388421,SM495951
Q117406631,SM495459
Q117421728,SM495954
Q117421749,SM495935
Q117421766,SM495936
Q117443188,SM495929
Q117455258,SM495940
Q117455291,SM495925
Q117462005,SM495923
Q117475254,SM496935
Q117606381,SM495437
Q117696344,SM256217
Q117705837,SM258324
Q117770597,SM497022
Q117805138,SM492148
Q117817135,SM256463
Q117832176,SM496796
Q118173650,SM496587
Q118177722,SM496045
Q118178063,SM6034
Q118247609,SM494432
Q118313721,SM250623
Q118426623,SM496530
Q118434012,SM252478
Q118436056,SM496017
Q118442569,SM495965
Q118558237,SM496378
Q118558281,SM496310
Q118579799,SM494759
Q118607469,SM495404
Q118669944,SM493852
Q118854510,SM495207
Q118868409,SM252734
Q118874758,SM486564
Q118875906,SM495776
Q118898451,SM494802
Q118904209,SM493531
Q118904720,SM252963
Q118905442,SM493323
Q118905917,SM494040
Q118906378,SM253682
Q118929524,SM494429
Q118944099,SM250217
Q119485672,SM253898
Q119509456,SM257440
Q119625914,SM250474
Q119945234,SM252819
Q119999541,SM252839
Q119999586,SM251400
Q119999731,SM493775
Q120068720,SM253391
Q120142545,SM495079
Q120195437,SM252309
Q120261188,SM253428
Q120269190,SM258231
Q120277272,SM254579
Q120277277,SM254579
Q120277285,SM254579
Q120277287,SM254579
Q120278095,SM254579
Q120281026,SM258231
Q120281285,SM254579
Q120328197,SM496733
Q120334911,SM8602
Q120487712,SM495254
Q120629474,SM495049
Q120643479,SM495305
Q120727363,SM251054
Q120727628,SM494367
Q120756540,SM493604
Q120776277,SM493532
Q120788963,SM487556
Q120788989,SM496047
Q120789912,SM480593
Q120823179,SM494022
Q120964325,SM7573
Q121046607,SM494012
Q121239068,SM496879
Q121282661,SM494122
Q121283167,SM496879
Q121283256,SM496879
Q121296409,SM494709
Q121297152,SM496879
Q121297228,SM496879
Q121297313,SM496879
Q121297508,SM496879
Q121297511,SM496879
Q121307813,SM257180
Q121333795,SM486564
Q121357086,SM496879
Q121364085,SM495556
Q121461689,SM496879
Q121494458,SM496879
Q121494480,SM496879
Q121610844,SM494422
Q121768147,SM480347
Q121832553,SM495590
Q121851263,SM257180
Q121864212,SM496920
Q121878910,SM254235
Q121879177,SM494614
Q122046428,SM454387
Q122166535,SM251047
Q122197232,SM495069
Q122198265,SM493725
Q122363723,SM496879
Q122382375,SM494713
Q122451819,SM495355
Q122460801,SM494540
Q122574162,SM8160
Q122609130,SM496972
Q122664273,SM496013
Q122722405,SM258324
Q122759767,SM494505
Q122760995,SM494763
Q122764323,SM257180
Q122795776,SM494711
Q122821045,SM495073
Q122825235,SM251737
Q122825523,SM495056
Q122825751,SM495051
Q122839979,SM496879
Q122920689,SM497020
Q122942444,SM494943
Q123000640,SM450319
Q123000821,SM250383
Q123018490,SM495475
Q123025416,SM8092
Q123048017,SM255828
Q123058226,SM250144
Q123123353,SM455362
Q123196645,SM493057
Q123236852,SM492782
Q123236879,SM492823
Q123243741,SM255828
Q123270045,SM494971
Q123278836,SM492818
Q123310372,SM255029
Q123334402,SM494832
Q123346931,SM496937
Q123348322,SM495916
Q123348358,SM496947
Q123348398,SM496987
Q123358254,SM494133
Q123358658,SM495810
Q123367532,SM258316
Q123371386,SM252386
Q123377660,SM495852
Q123418268,SM494840
Q123532382,SM494868
Q123561666,SM496904
Q123642462,SM494954
Q123648962,SM494345
Q123692182,SM257180
Q123692401,SM486437
Q123846314,SM255477
Q123938844,SM480251
Q123972468,SM251818
Q123982778,SM493970
Q123995804,SM495857
Q124047417,SM480820
Q124048008,SM255477
Q124049383,SM496922
Q124060826,SM253269
Q124061797,SM256082
Q124062282,SM487586
Q124062527,SM487586
Q124062539,SM487586
Q124062548,SM487586
Q124100109,SM480390
Q124134895,SM252868
Q124173162,SM252755
Q124201649,SM494227
Q124207979,SM495445
Q124215496,SM250784
Q124245847,SM255430
Q124245858,SM450408
Q124253601,SM250349
Q124254507,SM253218
Q124255602,SM253960
Q124260145,SM257469
Q124274486,SM255186
Q124307394,SM8399
Q124308190,SM495541
Q124315869,SM252434
Q124321869,SM486541
Q124332624,SM252929
Q124338423,SM258316
Q124338431,SM258316
Q124344854,SM496942
Q124344980,SM496956
Q124352946,SM496942
Q124353049,SM496942
Q124353103,SM496942
Q124353121,SM496942
Q124353129,SM496942
Q124353159,SM496942
Q124353492,SM496830
Q124357924,SM496942
Q124363755,SM494006
Q124363864,SM251406
Q124365877,SM493900
Q124365884,SM494818
Q124365924,SM251218
Q124368346,SM494688
Q124369945,SM493377
Q124372567,SM7639
Q124374427,SM494764
Q124374573,SM494005
Q124374593,SM493449
Q124382185,SM493449
Q124387857,SM494363
Q124388120,SM257676
Q124394634,SM493310
Q124408681,SM496942
Q124408805,SM495984
Q124412288,SM258457
Q124421732,SM494447
Q124427939,SM496942
Q124434456,SM256026
Q124457501,SM492975
Q124463947,SM486589
Q124485662,SM496904
Q124518220,SM494275
Q124528089,SM494922
Q124540355,SM495639
Q124540397,SM495638
Q124540507,SM496263
Q124540570,SM492195
Q124542081,SM480958
Q124542380,SM496040
Q124607017,SM256738
Q124652868,SM258220
Q124653246,SM258308
Q124675500,SM252103
Q124675501,SM252103
Q124680613,SM500046
Q124692539,SM486599
Q124695924,SM257947
Q124695927,SM257947
Q124695970,SM257947
Q124713851,SM495447
Q124736885,SM494758
Q124954922,SM494605
Q124989804,SM257938
Q125078012,SM493984
Q125269939,SM496406
Q125273976,SM496467
Q125371774,SM256997
Q125389236,SM492900
Q125487311,SM496723
Q125500849,SM496553
Q125637092,SM496913
Q125688046,SM493620
Q125701207,SM255323
Q125706276,SM250487
Q125759081,SM494163
Q125822634,SM495314
Q125961886,SM492282
Q125982264,SM495825
Q125995000,SM493443
Q126083960,SM496292
Q126113061,SM455355
Q126121672,SM494604
Q126126320,SM256650
Q126177552,SM256650
Q126366816,SM494420
Q126387769,SM486432
Q126389746,SM494916
Q126393310,SM459599
Q126454119,SM256650
Q126485847,SM256650
Q126500687,SM256650
Q126509701,SM493599
Q126592238,SM251420
Q126595383,SM496876
Q126595387,SM256650
Q126683429,SM256650
Q126723188,SM257000
Q126740522,SM493462
Q126811233,SM480358
Q126870305,SM493602
Q126870391,SM495088
Q126888534,SM495155
Q126895247,SM496124
Q126922060,SM496937
Q126922076,SM496917
Q126926141,SM254438
Q126935873,SM252908
Q126945995,SM6034
Q126951131,SM493772
Q126974738,SM494545
Q127039647,SM496429
Q127102658,SM256650
Q127273787,SM495009
Q127375566,SM493725
Q127417322,SM495766
Q127422290,SM494404
Q127422622,SM494415
Q127422915,SM494411
Q127423143,SM494412
Q127514499,SM3438
Q127581889,SM480947
Q127583131,SM251477
Q127986201,SM494244
Q128217698,SM7873
Q128610267,SM493614
Q128690393,SM496926
Q128803539,SM256824
Q129067229,SM496899
Q129078254,SM493716
Q129175709,SM495756
Q129175749,SM486555
Q129404067,SM487585
Q129730191,SM486429
Q129906446,SM494454
Q130214001,SM494121
Q130214227,SM306064
Q130217558,SM480443
Q130236688,SM256879
Q130236700,SM494621
Q130236722,SM494620
Q130239107,SM251699
Q130240070,SM495883
Q130241476,SM257175
Q130247306,SM252162
Q130283156,SM496136
Q130283651,SM496495
Q130284429,SM496648
Q130285350,SM486451
Q130285434,SM252382
Q130289673,SM496346
Q130293850,SM306061
Q130307692,SM257396
Q130314337,SM494240
Q130351998,SM496645
Q130361302,SM256309
Q130370851,SM493191
Q130374670,SM493222
Q130374722,SM256839
Q130376611,SM494684
Q130377319,SM494498
Q130377702,SM494682
Q130382149,SM495849
Q130416454,SM480361
Q130430573,SM495057
Q130442108,SM495551
Q130471296,SM494032
Q130493331,SM494650
Q130518442,SM494752
Q130564584,SM496937
Q130603871,SM493608
Q130680731,SM254425
Q130730151,SM258717
Q130734223,SM495013
Q130738100,SM254442
Q130741367,SM462006
Q130971408,SM495915
Q131138924,SM494336
Q131192289,SM494806
Q131236839,SM255309
Q131236853,SM252762
Q131277758,SM258316
Q131296603,SM494849
Q131309806,SM496600
Q131314290,SM496894
Q131318003,SM7696
Q131356041,SM480226
Q131357604,SM256839
Q131360359,SM493322
Q131360707,SM493530
Q131385404,SM492861
Q131405363,SM6644
Q131429628,SM493465
Q131432347,SM495337
Q131433111,SM493959
Q131446562,SM495934
Q131447750,SM494306
Q131457231,SM494390
Q131480191,SM495867
Q131538385,SM496884
Q131550908,SM252974
Q131573185,SM495068
Q131573400,SM495786
Q131573756,SM492849
Q131581853,SM494196
Q131587059,SM496937
Q131598857,SM494364
Q131604445,SM493151
Q131612150,SM496832
Q131620382,SM256883
Q131632175,SM492765
Q131632668,SM493702
Q131686545,SM494249
Q131696003,SM493112
Q131696346,SM492951
Q131696656,SM252804
Q131702316,SM493106
Q131702392,SM492170
Q131703082,SM492923
Q131704186,SM493113
Q131705201,SM493701
Q131712396,SM492956
Q131716345,SM493141
Q131717345,SM255828
Q131735700,SM252321
Q131735828,SM494002
Q131742850,SM494013
Q131749289,SM496899
Q131749361,SM496899
Q131749418,SM496916
Q131749722,SM496916
Q131765135,SM251964
Q131766289,SM495360
Q131767656,SM496594
Q131783251,SM496626
Q131824581,SM496281
Q131838937,SM495957
Q131840084,SM461562
Q131909376,SM492965
Q131926569,SM251980
Q131927253,SM496708
Q132067865,SM496894
Q132125850,SM250948
Q132132647,SM496880
Q132157368,SM493138
Q132158076,SM493168
Q132181178,SM493462
Q132529201,SM250030
Q132529272,SM251065
Q132560186,SM258224
Q132573043,SM487625
Q132645077,SM493473
Q132645128,SM495077
Q132645252,SM495350
Q132645306,SM495591
Q132675830,SM258337
Q132686292,SM495828
Q132757917,SM496975
Q132801252,SM495562
Q132801554,SM495020
Q132801561,SM495232
Q132801579,SM495229
Q132852792,SM494765
Q132884319,SM493058
Q132968497,SM492771
Q132991711,SM496093
Q132996785,SM494833
Q132997847,SM493606
Q133044072,SM495866
Q133086956,SM7396
Q133105532,SM258074
Q133163566,SM494437
Q133163654,SM253191
Q133189663,SM495328
Q133254301,SM492922
Q133265563,SM494858
Q133278491,SM252518
Q133281932,SM492394
Q133305976,SM495836
Q133308416,SM254406
Q133312261,SM6014
Q133312857,SM493813
Q133320011,SM493755
Q133320927,SM6015
Q133326580,SM450648
Q133407137,SM496335
Q133456312,SM486449
Q133456605,SM492873
Q133456776,SM493133
Q133458662,SM496385
Q133464894,SM493132
Q133503615,SM493812
Q133538877,SM493157
Q133568094,SM494114
Q133690697,SM497008
Q133729105,SM496915
Q133802688,SM495127
